,practice_id,ccg_id,baseline,baseline_ranking,allocation,group_ab
0,A83060,00D,0.11010558069381599,0.8403769274700171,I,A
2,A83050,00J,0.10957775489186405,0.8368075385494004,I,A
1,A83637,00J,0.10687830687830688,0.8149628783552256,con,con
3,A81040,00K,0.10693007212292255,0.8155339805825242,con,con
4,A84007,00L,0.1077574047954866,0.8225299828669331,I,A
6,A84032,00L,0.12535211267605634,0.9194745859508852,I,B
5,A84042,00L,0.15514809590973203,0.9802969731581953,con,con
14,A81005,00M,0.11024908125765619,0.8416619074814392,con,con
7,A81016,00M,0.1130952380952381,0.8619360365505425,I,A
16,A81022,00M,0.10665032178976402,0.8126784694460308,con,con
9,A81030,00M,0.1291182631879642,0.9331810394060537,I,A
12,A81043,00M,0.11844895486216298,0.8909194745859509,con,con
15,A81051,00M,0.14164415283674256,0.96302113078241,I,B
13,A81052,00M,0.11150864639236732,0.8513706453455169,I,B
8,A81053,00M,0.14463397299218195,0.9667332952598515,con,con
11,A81054,00M,0.11446196024674435,0.8699314677327241,I,B
10,A81611,00M,0.12304589006555723,0.9113363792118789,con,con
19,A89007,00P,0.14817518248175182,0.9725870930896631,I,A
20,A89008,00P,0.10682926829268292,0.8146773272415763,con,con
28,A89010,00P,0.11382450331125828,0.8667904054825813,con,con
21,A89013,00P,0.12408312958435208,0.9154768703597944,I,A
26,A89022,00P,0.14387464387464388,0.9655910908052542,con,con
18,A89023,00P,0.11435149654643131,0.8693603655054255,con,con
22,A89024,00P,0.10952623535404993,0.8363792118789263,con,con
27,A89026,00P,0.11561382598331346,0.8770702455739577,I,A
24,A89032,00P,0.11042722664735699,0.8423757852655626,con,con
25,A89036,00P,0.12885154061624648,0.9324671616219303,I,B
23,A89614,00P,0.11723329425556858,0.885208452312964,I,B
17,A89624,00P,0.11077235772357724,0.8455168475157053,I,B
32,P82014,00T,0.12335692618806876,0.912621359223301,I,B
29,P82037,00T,0.12951807228915663,0.9347515705311251,con,con
31,P82633,00T,0.13043478260869565,0.9371787549971445,con,con
30,P82643,00T,0.10916824196597354,0.8329525985151343,I,A
33,P83620,00V,0.11225806451612903,0.8557966876070817,con,con
34,P81082,00X,0.10828220858895705,0.8268132495716733,I,B
35,P81642,00X,0.10834553440702782,0.8278126784694461,con,con
36,P81689,00X,0.10534124629080119,0.8025414049114792,I,A
45,P85006,00Y,0.13115487914055507,0.9398914905768132,I,B
38,P85602,00Y,0.11490683229813664,0.8732153055396916,con,con
42,P85607,00Y,0.11076280041797283,0.8453740719588806,con,con
39,P85608,00Y,0.1725219573400251,0.9922901199314678,I,A
37,P85612,00Y,0.1091703056768559,0.8330953740719589,I,A
41,P85614,00Y,0.11312700106723586,0.8620788121073673,I,B
43,P85615,00Y,0.116,0.8786407766990292,I,A
40,P85622,00Y,0.11105121293800539,0.8478012564249,con,con
44,Y02753,00Y,0.12176308539944904,0.9067675613934895,con,con
48,P81146,01A,0.1072992700729927,0.8193889206167904,I,B
46,P81620,01A,0.1064516129032258,0.8112507138777841,I,A
47,P81731,01A,0.11875,0.8930611079383209,con,con
49,P86014,01D,0.134,0.9491719017704169,con,con
50,P86620,01D,0.10730948678071539,0.8196744717304397,I,A
53,P81040,01E,0.1071083172147002,0.817390062821245,con,con
54,P81059,01E,0.16074339745679816,0.9850085665334095,I,A
52,P81184,01E,0.10708469055374593,0.8171045117075957,I,B
51,P81785,01E,0.17960088691796008,0.9937178754997145,con,con
56,N81035,01F,0.1132344552196235,0.8626499143346659,con,con
55,N81037,01F,0.11778140293637847,0.8876356367789834,I,B
62,P87015,01G,0.11624745071380013,0.8800685322672759,con,con
65,P87016,01G,0.1071712093146335,0.818246716162193,I,B
66,P87024,01G,0.11188616071428571,0.8537978298115363,con,con
57,P87026,01G,0.11557649667405764,0.8767846944603084,I,A
60,P87040,01G,0.1422172452407615,0.9641633352370075,con,con
61,P87627,01G,0.11764705882352941,0.8872073101085094,I,B
59,P87634,01G,0.11815561959654179,0.8894917190177042,I,A
58,P87648,01G,0.16858638743455498,0.9901484865790977,con,con
63,P87651,01G,0.15691736304549675,0.9827241576242147,I,B
64,P87659,01G,0.12964563526361278,0.9350371216447744,con,con
68,A82029,01H,0.12316384180790961,0.9120502569960023,con,con
69,A82060,01H,0.10569663692518874,0.805682467161622,I,B
67,A82617,01H,0.11162255466052934,0.8520845231296402,I,A
70,A82631,01H,0.10852017937219731,0.8283837806967447,con,con
71,N83009,01J,0.12106481481481482,0.903483723586522,I,A
73,A82030,01K,0.10960960960960961,0.8372358652198744,I,B
77,A82074,01K,0.12777777777777777,0.9291833238149628,I,A
75,A82077,01K,0.18389305510270623,0.9948600799543118,I,B
72,A82621,01K,0.1125,0.8575099942889777,con,con
76,B82061,01K,0.10587326120556415,0.8062535693889206,con,con
74,P81006,01K,0.12704261454661966,0.9254711593375214,con,con
78,N81642,01R,0.12942612942612944,0.934323243860651,I,B
80,N84615,01T,0.10721442885771543,0.8189605939463164,con,con
79,N84627,01T,0.1136094674556213,0.8657909765848086,I,A
81,P88600,01W,0.19454545454545455,0.9964306110793832,con,con
84,P89026,01Y,0.13165680473372782,0.94131924614506,con,con
82,P89029,01Y,0.11278648974668275,0.8596516276413478,con,con
83,P89602,01Y,0.18462594371997254,0.9950028555111365,I,B
87,P91003,02A,0.16895874263261296,0.9905768132495717,con,con
86,P91006,02A,0.16894264533749512,0.990434037692747,I,B
100,P91008,02A,0.13947757516017742,0.9595945174186179,I,B
102,P91009,02A,0.15213299874529485,0.9770131353512279,I,A
92,P91011,02A,0.11069182389937107,0.8446601941747572,I,A
106,P91013,02A,0.12276855621672408,0.9106225014277556,I,B
85,P91014,02A,0.12434472635772699,0.9164762992575671,con,con
101,P91016,02A,0.10677328316086547,0.8139634494574529,con,con
107,P91017,02A,0.13117944725574154,0.9400342661336379,con,con
95,P91018,02A,0.11824715974959425,0.8900628212450029,con,con
105,P91019,02A,0.11862917398945519,0.8924900057110223,con,con
93,P91021,02A,0.1051028179741051,0.8003997715591091,con,con
104,P91026,02A,0.11406844106463879,0.868218161050828,I,A
94,P91029,02A,0.10771369006254343,0.8222444317532839,I,A
97,P91032,02A,0.1661807580174927,0.9885779554540263,con,con
98,P91035,02A,0.1093069306930693,0.8345231296402056,I,B
89,P91603,02A,0.12546517809675706,0.9200456881781839,con,con
99,P91604,02A,0.16227682517235284,0.9858652198743575,con,con
96,P91615,02A,0.10513595166163142,0.8005425471159338,I,B
88,P91623,02A,0.127170582226762,0.9264705882352942,I,A
91,P91625,02A,0.12931995540691194,0.933894917190177,con,con
103,P91627,02A,0.14727272727272728,0.9711593375214164,con,con
90,P91631,02A,0.11195652173913044,0.8540833809251857,I,B
109,N81005,02F,0.10922330097087378,0.8338092518560822,I,B
113,N81031,02F,0.17507645259938837,0.9928612221587664,I,A
110,N81038,02F,0.11046817464492373,0.8430896630496859,con,con
108,N81046,02F,0.11272321428571429,0.8589377498572245,con,con
114,N81060,02F,0.12190142898804317,0.9074814391776128,con,con
118,N81063,02F,0.11726384364820847,0.8853512278697887,con,con
116,N81081,02F,0.10603882099209203,0.807824100513992,con,con
111,N81082,02F,0.1076923076923077,0.8218161050828098,I,A
117,N81120,02F,0.12658227848101267,0.9236150770988006,I,B
112,N81125,02F,0.12559241706161137,0.9206167904054826,con,con
115,N81607,02F,0.1125748502994012,0.8579383209594518,I,A
123,P81041,02G,0.11678832116788321,0.8823529411764706,con,con
120,P81096,02G,0.1326271186440678,0.9444603083952028,I,B
121,P81112,02G,0.11888494124077617,0.893917761279269,con,con
124,P81177,02G,0.14563106796116504,0.9681610508280982,I,A
122,P81674,02G,0.12750263435194942,0.9271844660194175,I,A
125,P81695,02G,0.11314285714285714,0.8623643632210166,con,con
119,P81727,02G,0.1391509433962264,0.9588806396344945,con,con
126,P92014,02H,0.1471435429668747,0.970873786407767,con,con
128,P92026,02H,0.11257995735607676,0.8580810965162764,con,con
129,P92633,02H,0.11568123393316196,0.8773557966876071,I,A
127,P92639,02H,0.11275964391691394,0.8593660765276985,I,B
130,P81149,02M,0.1083398285268901,0.8276699029126213,con,con
131,B83056,02R,0.11480235492010092,0.8723586521987435,I,A
132,B81041,02Y,0.1052896725440806,0.8016847515705311,con,con
133,B85005,03A,0.1120736329182458,0.8549400342661336,con,con
134,B85016,03A,0.1093400447427293,0.8349514563106796,I,B
135,B86064,03C,0.10522288119380141,0.8011136493432325,I,A
136,B82022,03D,0.1285563751317176,0.932181610508281,I,A
145,B82023,03D,0.11247723132969034,0.8570816676185037,con,con
143,B82029,03D,0.1214017521902378,0.9049114791547687,con,con
138,B82042,03D,0.16022889842632332,0.9844374643061108,I,B
147,B82044,03D,0.11233077204537138,0.8562250142775557,con,con
141,B82045,03D,0.14963880288957687,0.9741576242147344,con,con
146,B82046,03D,0.10793131643499591,0.8241005139920046,I,A
140,B82049,03D,0.11782608695652173,0.8879211878926327,I,B
144,B82066,03D,0.11853211009174312,0.8919189034837236,I,B
137,B82072,03D,0.14507772020725387,0.9670188463735009,con,con
139,B82086,03D,0.13131313131313133,0.9404625928041119,con,con
142,B82622,03D,0.11848341232227488,0.8912050256996003,I,A
148,B86007,03G,0.1109370103415857,0.8470873786407767,I,A
149,B81087,03H,0.11305555555555556,0.8616504854368932,con,con
151,B81603,03H,0.125,0.9183323814962878,con,con
150,B81656,03H,0.10611854684512428,0.808252427184466,I,A
152,B85620,03J,0.11301859799713877,0.8615077098800685,I,B
153,B81043,03K,0.1134141572154869,0.8642204454597373,con,con
155,B81063,03K,0.1608171817705605,0.9851513420902341,con,con
156,B81099,03K,0.11991701244813278,0.8984865790976585,I,A
154,B81113,03K,0.11464497041420119,0.8713592233009708,I,B
157,B81628,03K,0.13740458015267176,0.9554540262707024,con,con
158,C87608,03L,0.10897435897435898,0.8316676185037122,I,A
167,C88005,03N,0.1063752276867031,0.8106796116504854,I,B
166,C88006,03N,0.148840206185567,0.9733009708737864,con,con
171,C88019,03N,0.1078392359729407,0.8231010850942319,I,A
164,C88021,03N,0.1161839863713799,0.8794974300399772,con,con
161,C88022,03N,0.13329040566645203,0.9471730439748715,I,A
165,C88028,03N,0.1104830421377184,0.8435179897201599,I,B
169,C88032,03N,0.11775445002282063,0.8874928612221588,I,B
170,C88034,03N,0.12585812356979406,0.9214734437464306,con,con
160,C88045,03N,0.10649350649350649,0.8116790405482581,con,con
162,C88050,03N,0.14971050454921422,0.9743003997715591,con,con
163,C88051,03N,0.11754282339043119,0.8870645345516848,I,A
159,C88060,03N,0.13293650793650794,0.9454597372929754,I,B
168,C88073,03N,0.11518046709129512,0.8746430611079383,con,con
173,C88076,03N,0.12527798369162343,0.9191890348372359,I,A
172,C88656,03N,0.14839319470699433,0.9727298686464877,con,con
176,C83006,03T,0.23580786026200873,0.9987150199885779,con,con
187,C83010,03T,0.1167864476386037,0.8822101656196459,I,A
179,C83028,03T,0.18660812294182216,0.9954311821816105,I,B
181,C83043,03T,0.12201670644391407,0.9076242147344374,I,B
185,C83049,03T,0.1091901728844404,0.8333809251856082,I,B
183,C83055,03T,0.12517515179822514,0.9189034837235865,I,A
174,C83057,03T,0.14116652578191038,0.9618789263278127,con,con
186,C83059,03T,0.1178343949044586,0.8880639634494575,con,con
175,C83061,03T,0.14683070339663012,0.9703026841804683,I,A
188,C83064,03T,0.11363307792395547,0.8659337521416334,con,con
182,C83083,03T,0.1308223116733755,0.9383209594517419,con,con
180,C83605,03T,0.181058495821727,0.9940034266133638,con,con
178,C83635,03T,0.1371584699453552,0.9553112507138778,con,con
177,C83643,03T,0.13213885778275475,0.9427470017133067,I,B
184,C83650,03T,0.11047510017172295,0.8433752141633353,con,con
196,C82009,03W,0.12617363344051447,0.922615648201028,I,B
191,C82010,03W,0.13009667927700713,0.9363221016561964,con,con
193,C82016,03W,0.1284329563812601,0.9316105082809822,con,con
192,C82042,03W,0.1277131173324945,0.9287549971444888,I,A
189,C82044,03W,0.13492450073063808,0.9511707595659623,con,con
194,C82077,03W,0.1136959370904325,0.866076527698458,I,A
195,C82109,03W,0.11817279046673287,0.8897772701313535,con,con
190,C82112,03W,0.11292073832790445,0.8607938320959452,I,B
197,C81021,03X,0.1067472306143001,0.8135351227869788,I,A
199,C82008,04C,0.11566440349175558,0.8772130211307824,con,con
200,C82019,04C,0.17517463729177862,0.9930039977155911,I,B
198,C82029,04C,0.10711016173329264,0.8175328383780697,I,A
201,C82676,04C,0.11864406779661017,0.8927755568246716,con,con
212,C83002,04D,0.1277992277992278,0.9294688749286122,con,con
214,C83018,04D,0.12026495549575657,0.9000571102227298,con,con
202,C83031,04D,0.10627674750356633,0.8098229583095374,con,con
209,C83033,04D,0.10831721470019343,0.827384351798972,I,B
207,C83038,04D,0.15557762330354188,0.981296402055968,I,A
203,C83041,04D,0.10907202216066482,0.8323814962878355,I,B
208,C83044,04D,0.12825701998482164,0.9311821816105083,con,con
206,C83046,04D,0.12084993359893759,0.9027698458023986,con,con
205,C83052,04D,0.10825132475397427,0.8263849229011994,I,A
216,C83058,04D,0.1889305035372451,0.9960022844089091,con,con
213,C83062,04D,0.10863509749303621,0.8293832095945174,I,A
210,C83071,04D,0.12805391743892164,0.9306110793832096,con,con
215,C83074,04D,0.1226890756302521,0.9100513992004569,I,A
211,C83082,04D,0.12522522522522522,0.9190462592804112,I,B
204,C83633,04D,0.1338403041825095,0.9488863506567675,con,con
217,K83008,04G,0.11333571683947086,0.863506567675614,I,B
220,K83020,04G,0.10679611650485436,0.8142490005711023,con,con
219,K83068,04G,0.11551155115511551,0.8766419189034838,I,A
218,K83616,04G,0.2113127001067236,0.9981439177612793,con,con
221,C84660,04H,0.11831831831831832,0.8902055968018275,con,con
222,C81028,04J,0.1171875,0.88478012564249,I,A
223,C81611,04J,0.11956521739130435,0.8973443746430612,con,con
224,C84043,04K,0.11281070745697896,0.8597944031981725,con,con
225,C84125,04L,0.10579576816927323,0.8058252427184466,con,con
233,C82123,04Q,0.10919881305637982,0.8335237007424329,con,con
228,C83008,04Q,0.10952902519167579,0.836521987435751,I,B
230,C83011,04Q,0.12543116964565695,0.9199029126213593,I,B
234,C83020,04Q,0.1184017595307918,0.8907766990291263,I,A
226,C83024,04Q,0.12647754137115838,0.9231867504283267,I,A
229,C83040,04Q,0.12227656736327257,0.9090519703026841,con,con
227,C83628,04Q,0.15812917594654788,0.9831524842946887,con,con
232,C83649,04Q,0.13669950738916256,0.9545973729297544,I,B
231,C83653,04Q,0.12713178294573643,0.9258994860079954,con,con
235,C81035,04R,0.11751592356687898,0.886493432324386,I,A
242,C82007,04V,0.11164157179581344,0.8523700742432896,con,con
244,C82011,04V,0.1342560553633218,0.9497430039977156,con,con
238,C82026,04V,0.13106295149638802,0.939605939463164,con,con
243,C82051,04V,0.11456412957598104,0.8705025699600228,I,A
240,C82064,04V,0.13908629441624365,0.9587378640776699,con,con
236,C82093,04V,0.10849182962764532,0.82824100513992,con,con
245,C82102,04V,0.12938816449348045,0.9340376927470018,I,B
241,C82650,04V,0.1444966092853417,0.9663049685893775,I,A
239,C82656,04V,0.14941569282136896,0.9737292975442604,I,B
237,C82678,04V,0.16359447004608296,0.9868646487721302,I,A
248,M85043,04X,0.132013201320132,0.942175899486008,I,B
250,M85047,04X,0.1265126512651265,0.9233295259851514,I,A
247,M85071,04X,0.12374245472837023,0.9144774414620217,con,con
246,M85077,04X,0.11463790446841295,0.8712164477441462,I,B
249,M85782,04X,0.10874200426439233,0.8302398629354655,con,con
252,M83130,04Y,0.13602550478214664,0.9531696173615077,I,B
251,M83703,04Y,0.10744985673352435,0.8205311250713878,con,con
254,M84020,05A,0.11599176389842142,0.8783552255853798,con,con
255,M84031,05A,0.14155712841253792,0.9627355796687607,I,A
257,M84046,05A,0.15868131868131868,0.9834380354083381,I,B
253,M86007,05A,0.10995723885155773,0.8398058252427184,I,A
259,M86021,05A,0.10719677906391545,0.818675042832667,I,B
256,M86030,05A,0.13321723987810188,0.9468874928612222,con,con
258,M86037,05A,0.12283464566929134,0.910908052541405,con,con
262,M86038,05A,0.13230429988974643,0.9436036550542547,con,con
261,M86044,05A,0.11629576453697056,0.8802113078241005,I,B
260,M86612,05A,0.1276595744680851,0.9283266704740148,con,con
265,C81018,05D,0.1399365526965104,0.9603083952027412,con,con
264,M83065,05D,0.10831643002028397,0.8272415762421473,I,B
263,M83073,05D,0.12035661218424963,0.9004854368932039,con,con
266,M83074,05D,0.11135029354207436,0.8502284408909194,I,A
268,M81024,05F,0.1134020618556701,0.863934894346088,con,con
270,M81043,05F,0.11102172164119067,0.847372929754426,con,con
267,M81067,05F,0.10746685275645498,0.8206739006282124,I,A
269,M81600,05F,0.11614173228346457,0.8793546544831525,I,B
271,M83015,05G,0.11105947955390334,0.8479440319817247,I,A
272,M83103,05G,0.1213527851458886,0.9046259280411194,con,con
275,M84003,05H,0.10829862223646267,0.826956025128498,con,con
279,M84034,05H,0.18263473053892215,0.9942889777270132,con,con
277,M84051,05H,0.1088833194096352,0.8312392918332382,con,con
274,M84061,05H,0.10907003444316878,0.8322387207310109,I,A
276,M84615,05H,0.14077897700610043,0.9615933752141633,I,A
278,M84627,05H,0.1137005649717514,0.8662193032552827,I,B
273,Y04969,05H,0.15856236786469344,0.9832952598515134,con,con
280,M81077,05J,0.14569865738438587,0.9683038263849228,I,B
283,M85124,05L,0.11209068010075567,0.8550828098229583,I,A
284,M88023,05L,0.10847457627118644,0.8280982295830954,con,con
281,M88612,05L,0.10791015625,0.8238149628783552,I,B
282,M88626,05L,0.10704960835509138,0.816533409480297,con,con
285,M82041,05N,0.10597302504816955,0.8068246716162193,I,A
286,M82058,05N,0.12481203007518797,0.9177612792689891,con,con
287,M82601,05N,0.12742382271468145,0.9270416904625928,I,B
289,M83062,05Q,0.1110897559100519,0.8482295830953741,con,con
288,Y02414,05Q,0.11210036422501012,0.855225585379783,I,B
294,M84021,05R,0.11084395287328684,0.8459451741861793,I,A
291,M84024,05R,0.12766783081102057,0.9286122215876642,con,con
293,M84029,05R,0.10806451612903226,0.8250999428897773,con,con
290,M84043,05R,0.12171484888304862,0.9063392347230155,I,A
292,M84617,05R,0.11978021978021978,0.8980582524271845,I,B
304,M81006,05T,0.10977529698010591,0.8382352941176471,I,A
297,M81008,05T,0.14165042235217673,0.9631639063392348,con,con
299,M81011,05T,0.13181242078580482,0.9416047972587093,con,con
303,M81029,05T,0.1530872056015277,0.9782981153626499,con,con
306,M81033,05T,0.13873330461008185,0.9570245573957739,I,B
296,M81034,05T,0.12123411978221416,0.9041976013706453,I,A
295,M81039,05T,0.11178247734138973,0.8527984009137636,con,con
302,M81042,05T,0.12076401725200246,0.9021987435751,I,B
301,M81045,05T,0.13811821471652594,0.9560251284980011,con,con
300,M81072,05T,0.13881242626818718,0.9574528840662478,I,A
305,M81091,05T,0.10709394686387291,0.8172472872644203,con,con
298,M81627,05T,0.10687361419068736,0.8148201027984009,I,B
308,M83044,05V,0.11125429553264604,0.8493717875499714,con,con
307,M83070,05V,0.10743193524650478,0.8203883495145631,I,B
309,M83619,05W,0.11329305135951662,0.8629354654483152,I,A
310,M91639,05Y,0.14349775784753363,0.9651627641347801,con,con
311,M92647,06A,0.11455525606469003,0.8703597944031982,I,B
313,E81007,06F,0.13530415008527572,0.9515990862364363,I,B
312,E81024,06F,0.1569324530218385,0.9828669331810395,con,con
316,E81031,06F,0.12087912087912088,0.9029126213592233,con,con
315,E81036,06F,0.10923397361721823,0.8340948029697316,I,B
314,E81611,06F,0.12664473684210525,0.9237578526556254,con,con
317,Y00328,06F,0.1255539143279173,0.9203312392918332,I,A
331,D81001,06H,0.11231470923603193,0.856082238720731,con,con
378,D81002,06H,0.10557299843014128,0.8039691604797259,I,A
348,D81003,06H,0.13319878910191726,0.9467447173043975,I,B
372,D81004,06H,0.13572204125950055,0.9523129640205596,I,A
345,D81005,06H,0.16798997074801506,0.989577384351799,con,con
362,D81007,06H,0.12022630834512023,0.8997715591090806,I,B
336,D81008,06H,0.12918596955658504,0.933466590519703,I,A
341,D81009,06H,0.1543134872417983,0.9794403198172473,con,con
332,D81010,06H,0.12098344693281401,0.9031981724728726,I,B
379,D81011,06H,0.14019088016967127,0.9610222729868646,con,con
351,D81013,06H,0.1174484052532833,0.8862078812107367,con,con
334,D81015,06H,0.17685159110109827,0.9934323243860651,I,B
359,D81016,06H,0.1461833185971117,0.9693032552826956,con,con
335,D81018,06H,0.14948859166011014,0.9738720731010851,con,con
320,D81019,06H,0.13125,0.9401770416904626,I,B
353,D81022,06H,0.10618479880774963,0.8091090805254141,con,con
325,D81025,06H,0.11035378123985719,0.8420902341519132,con,con
319,D81027,06H,0.1458863443596268,0.9690177041690463,con,con
366,D81028,06H,0.12827822120866592,0.931324957167333,I,A
318,D81029,06H,0.13574660633484162,0.9524557395773844,I,B
339,D81030,06H,0.1705675833820948,0.9914334665905197,con,con
380,D81031,06H,0.13091779183045632,0.9388920616790406,I,A
327,D81032,06H,0.17884567748327967,0.9935750999428897,con,con
364,D81034,06H,0.13088184036249564,0.9387492861222159,I,B
322,D81035,06H,0.1540130151843818,0.979154768703598,I,B
360,D81036,06H,0.11278195488721804,0.8595088520845231,I,B
367,D81038,06H,0.10722748815165876,0.8191033695031411,con,con
374,D81039,06H,0.16429743028977584,0.9871501998857796,I,A
384,D81040,06H,0.12613521695257315,0.9224728726442033,I,A
354,D81042,06H,0.1670353982300885,0.9888635065676756,I,B
329,D81043,06H,0.13305654408857256,0.9461736150770989,con,con
324,D81044,06H,0.15270203272186417,0.9775842375785265,I,A
358,D81045,06H,0.11268191268191269,0.8587949743003997,I,A
330,D81046,06H,0.11993097497842968,0.8986293546544831,I,A
363,D81049,06H,0.13901345291479822,0.9583095374071959,con,con
340,D81050,06H,0.11350737797956867,0.864791547687036,I,A
350,D81051,06H,0.12050443717888837,0.9014848657909765,I,A
383,D81052,06H,0.11309041835357625,0.8617932609937179,con,con
328,D81054,06H,0.11490455212922174,0.8730725299828669,I,B
365,D81055,06H,0.1236154186973859,0.913478012564249,con,con
371,D81056,06H,0.1360708534621578,0.9533123929183324,con,con
343,D81057,06H,0.11246997160952173,0.8569388920616791,con,con
381,D81058,06H,0.21791370835608956,0.9984294688749286,con,con
347,D81059,06H,0.15477252453166815,0.9801541976013707,con,con
352,D81061,06H,0.15170207904957733,0.9758709308966305,I,B
344,D81062,06H,0.12912308930008046,0.9333238149628783,I,B
333,D81064,06H,0.10749464668094219,0.8211022272986864,con,con
342,D81066,06H,0.1452581032412965,0.9673043974871502,I,A
356,D81070,06H,0.11158277744087326,0.8517989720159909,I,B
382,D81081,06H,0.15081723625557206,0.9752998286693318,I,A
337,D81082,06H,0.1515574151557415,0.9757281553398058,con,con
357,D81084,06H,0.11483253588516747,0.8727869788692176,con,con
369,D81085,06H,0.14370290635091496,0.9653055396916048,con,con
376,D81086,06H,0.1704225352112676,0.991290691033695,I,A
346,D81087,06H,0.12762237762237763,0.9280411193603655,I,B
377,D81602,06H,0.10818181818181818,0.8259565962307253,con,con
361,D81605,06H,0.11253196930946291,0.8576527698458024,con,con
355,D81611,06H,0.1322944297082228,0.9434608794974301,con,con
338,D81612,06H,0.13315400134498992,0.9464591661907481,I,A
373,D81618,06H,0.10738255033557047,0.8202455739577384,con,con
370,D81619,06H,0.12138728323699421,0.904768703597944,I,A
323,D81622,06H,0.11891480730223124,0.8940605368360937,con,con
375,D81633,06H,0.10543877210543877,0.8028269560251285,con,con
321,D81645,06H,0.1056701030927835,0.8053969160479726,con,con
368,E82072,06H,0.1458863443596268,0.9690177041690463,I,B
349,K83017,06H,0.13541666666666666,0.9518846373500857,con,con
326,K83023,06H,0.12363966142684402,0.9136207881210737,I,B
389,D81047,06K,0.11047120418848168,0.8432324386065105,con,con
392,E82008,06K,0.11133603238866396,0.8500856653340948,I,A
387,E82038,06K,0.10797962648556876,0.8246716162193033,con,con
390,E82090,06K,0.10931806350858927,0.8346659051970303,I,A
388,E82092,06K,0.10645431684828165,0.8113934894346088,I,B
385,E82100,06K,0.11128903122497999,0.8498001142204454,con,con
391,E82109,06K,0.11928199189345687,0.8962021701884637,con,con
386,E82130,06K,0.11058823529411765,0.8442318675042833,I,B
410,D83001,06L,0.11975028376844495,0.8977727013135351,con,con
398,D83004,06L,0.13830728398702447,0.9564534551684751,con,con
397,D83006,06L,0.13894849785407726,0.9575956596230726,I,A
414,D83017,06L,0.11918924873320115,0.895202741290691,con,con
401,D83020,06L,0.12040633403047506,0.9009137635636779,I,A
406,D83024,06L,0.16460767946577629,0.9875785265562536,con,con
402,D83036,06L,0.12458800263678313,0.9173329525985151,con,con
411,D83037,06L,0.10733197556008146,0.8198172472872645,I,A
404,D83039,06L,0.12803855825649624,0.9304683038263849,con,con
400,D83043,06L,0.14798973481608213,0.9723015419760137,con,con
394,D83048,06L,0.11434628975265018,0.8692175899486008,con,con
403,D83049,06L,0.11069651741293532,0.844802969731582,I,B
395,D83051,06L,0.13135593220338984,0.9406053683609366,I,B
399,D83053,06L,0.11943587483472895,0.8966304968589377,I,B
393,D83057,06L,0.1062564632885212,0.8096801827527127,I,B
408,D83069,06L,0.15262321144674085,0.9774414620217019,con,con
409,D83079,06L,0.1154228855721393,0.876070816676185,I,A
405,D83080,06L,0.11520076481835564,0.874785836664763,I,B
396,D83082,06L,0.10971428571428571,0.8379497430039977,con,con
412,D83084,06L,0.14577656675749318,0.9685893774985722,con,con
413,D83615,06L,0.1120527306967985,0.8546544831524843,I,A
407,Y01794,06L,0.1418043769539973,0.9633066818960594,I,B
419,E82015,06N,0.12597035991531405,0.9216162193032553,I,A
422,E82028,06N,0.10755939524838012,0.8215305539691605,con,con
420,E82046,06N,0.12563811684628473,0.9207595659623072,con,con
421,E82049,06N,0.15332197614991483,0.9788692175899486,I,A
424,E82055,06N,0.11741973840665874,0.8859223300970874,con,con
423,E82073,06N,0.1253991291727141,0.9196173615077099,I,B
416,E82076,06N,0.14983277591973243,0.9744431753283838,con,con
417,E82077,06N,0.12204068022674225,0.9077669902912622,I,A
418,E82106,06N,0.13007407407407406,0.9361793260993718,con,con
415,E82117,06N,0.11859557867360208,0.892204454597373,I,B
426,E82129,06N,0.12813908564069543,0.9307538549400343,con,con
425,E82657,06N,0.13060620995564318,0.9374643061107938,I,B
429,E81010,06P,0.12145056448853918,0.905197030268418,I,B
428,E81025,06P,0.1184645929847783,0.8910622501427755,con,con
430,E81076,06P,0.12713754646840147,0.9260422615648201,con,con
427,E81632,06P,0.19821162444113263,0.9970017133066819,I,A
431,F81011,06Q,0.11386742578283855,0.8670759565962307,con,con
434,F81030,06Q,0.11597222222222223,0.8782124500285551,I,A
435,F81035,06Q,0.10678137651821862,0.8141062250142775,con,con
444,F81040,06Q,0.15884194053208137,0.9835808109651628,I,A
433,F81057,06Q,0.13676286072772897,0.9547401484865791,con,con
436,F81074,06Q,0.11465201465201465,0.8716447744146202,I,A
437,F81117,06Q,0.11024331631120457,0.8413763563677898,con,con
441,F81126,06Q,0.11543134872417983,0.8763563677898344,con,con
442,F81127,06Q,0.14159959758551308,0.9628783552255854,I,A
432,F81635,06Q,0.15658021133525457,0.982153055396916,I,B
440,F81683,06Q,0.13611615245009073,0.9534551684751571,I,B
438,F81721,06Q,0.11522965350523771,0.8749286122215877,I,B
439,Y00589,06Q,0.12373453318335208,0.9143346659051971,con,con
443,Y05023,06Q,0.11662946428571429,0.8814962878355226,con,con
447,F81017,06T,0.18353457738748627,0.9944317532838378,I,A
445,F81018,06T,0.15647921760391198,0.9820102798400914,I,B
454,F81026,06T,0.16615027110766847,0.9884351798972016,con,con
457,F81028,06T,0.13283108643933386,0.9453169617361508,I,B
455,F81037,06T,0.11287945770704391,0.8605082809822958,I,A
460,F81052,06T,0.12685361914549992,0.9244717304397487,con,con
453,F81079,06T,0.1167925624636839,0.8826384922901199,I,B
456,F81115,06T,0.11873732985809442,0.8929183323814963,con,con
458,F81156,06T,0.10560975609756097,0.8046830382638492,con,con
446,F81157,06T,0.10802603036876356,0.8249571673329525,con,con
459,F81212,06T,0.12155530388825972,0.905625356938892,I,A
452,F81213,06T,0.18581455485777615,0.9952884066247858,con,con
449,F81221,06T,0.1500309981401116,0.9745859508852085,I,A
451,F81606,06T,0.10604929051530994,0.8079668760708166,I,B
450,F81670,06T,0.14220963172804532,0.9640205596801827,con,con
448,F81741,06T,0.13224694453149483,0.9431753283837807,con,con
468,D82030,06V,0.11085450346420324,0.8462307252998287,I,A
467,D82032,06V,0.15399002493765587,0.9790119931467732,con,con
466,D82038,06V,0.1086082059533387,0.829097658480868,I,A
462,D82053,06V,0.10546378653113088,0.8029697315819532,I,B
465,D82059,06V,0.11378687537627935,0.8666476299257567,con,con
464,D82066,06V,0.10879345603271984,0.8306681896059395,I,B
461,D82080,06V,0.1294068851099129,0.9341804683038264,con,con
463,D82104,06V,0.12389118864577173,0.9149057681324957,con,con
477,D82008,06W,0.1144186046511628,0.8697886921758995,con,con
475,D82011,06W,0.11684574059861857,0.8829240434037693,con,con
476,D82012,06W,0.11060606060606061,0.844374643061108,I,A
478,D82017,06W,0.11298932384341637,0.8610793832095945,I,B
470,D82018,06W,0.14705882352941177,0.9705882352941176,I,B
469,D82047,06W,0.12674348089751364,0.9241861793260994,con,con
473,D82048,06W,0.13350196739741427,0.9480296973158195,con,con
472,D82071,06W,0.16284680337756333,0.9862935465448315,I,A
474,D82076,06W,0.12975951903807614,0.9353226727584237,I,A
471,Y03595,06W,0.10826689047419219,0.8266704740148486,con,con
484,D82006,06Y,0.11106094808126411,0.8480868075385494,con,con
481,D82020,06Y,0.11643291876157713,0.8804968589377499,I,A
488,D82022,06Y,0.10998479472883933,0.8399486007995431,con,con
480,D82031,06Y,0.13806552262090482,0.9558823529411765,con,con
479,D82034,06Y,0.12072072072072072,0.9019131924614506,I,A
492,D82036,06Y,0.13202357563850686,0.9423186750428326,con,con
493,D82037,06Y,0.11678832116788321,0.8823529411764706,I,B
485,D82039,06Y,0.118488253319714,0.8913478012564249,I,A
491,D82042,06Y,0.15315315315315314,0.978726442033124,I,B
486,D82045,06Y,0.13488453463960812,0.9510279840091377,con,con
489,D82050,06Y,0.11939690301548492,0.8964877213021131,I,B
490,D82084,06Y,0.16102564102564101,0.9852941176470589,con,con
487,D82085,06Y,0.15635333018422296,0.9818675042832667,I,A
483,D82100,06Y,0.10861759425493717,0.8292404340376928,I,B
482,Y05291,06Y,0.13402061855670103,0.9493146773272416,con,con
495,F81082,07G,0.10652920962199312,0.8121073672187321,con,con
494,Y02807,07G,0.10886319845857419,0.8309537407195888,I,B
506,F81009,07H,0.11652402896642527,0.8812107367218732,con,con
502,F81015,07H,0.1111730286988019,0.8489434608794975,con,con
496,F81016,07H,0.11125,0.8492290119931468,con,con
505,F81048,07H,0.11267225074304242,0.8586521987435751,I,A
498,F81056,07H,0.10694881326851587,0.8158195316961736,con,con
507,F81062,07H,0.12952853598014888,0.9348943460879497,I,A
501,F81072,07H,0.11975116640746501,0.8979154768703598,I,A
503,F81078,07H,0.11694718514219385,0.8830668189605939,I,B
499,F81090,07H,0.10866666666666666,0.8296687607081668,I,B
504,F81106,07H,0.11635706914344686,0.8803540833809251,con,con
497,F81120,07H,0.12492060131272496,0.9179040548258138,I,B
500,F81181,07H,0.10783261802575107,0.8229583095374072,con,con
516,D82010,07J,0.17650186071238702,0.9932895488292405,I,B
517,D82015,07J,0.1602982292637465,0.9845802398629354,con,con
518,D82044,07J,0.12850979560082043,0.9320388349514563,I,B
511,D82049,07J,0.1619103086779266,0.9855796687607081,con,con
520,D82057,07J,0.12270168855534709,0.9103369503141062,I,B
512,D82065,07J,0.13636363636363635,0.9538834951456311,I,A
513,D82068,07J,0.15556382582806103,0.9811536264991434,con,con
508,D82070,07J,0.10719131614654002,0.8183894917190178,I,A
510,D82072,07J,0.20584884162552222,0.9980011422044546,I,A
514,D82079,07J,0.12705134992059292,0.9257567104511708,I,A
515,D82105,07J,0.10679945054945054,0.8143917761279269,con,con
509,D82604,07J,0.12102564102564102,0.9033409480296973,con,con
519,D82621,07J,0.10797237915881984,0.8245288406624786,con,con
521,D83003,07K,0.12173913043478261,0.9066247858366647,con,con
528,D83012,07K,0.1205331272937995,0.9016276413478013,I,B
523,D83014,07K,0.11196800914024564,0.8542261564820103,con,con
529,D83029,07K,0.1192258064516129,0.8954882924043404,con,con
525,D83033,07K,0.11301044634377967,0.8613649343232439,con,con
527,D83045,07K,0.11903455842018651,0.8946316390633924,con,con
530,D83062,07K,0.1320754716981132,0.9424614505996574,I,A
522,D83067,07K,0.11045576407506702,0.8425185608223872,I,A
524,D83076,07K,0.14450867052023122,0.9664477441462022,I,B
526,D83078,07K,0.14952956989247312,0.9740148486579098,I,A
538,F82003,07L,0.11811594202898551,0.8890633923472302,I,B
539,F82015,07L,0.11285500747384156,0.8602227298686465,con,con
536,F82018,07L,0.11235955056179775,0.8566533409480297,I,A
540,F82025,07L,0.10792349726775956,0.8239577384351799,I,B
531,F82038,07L,0.17173913043478262,0.992147344374643,con,con
533,F82040,07L,0.15051020408163265,0.9748715019988577,con,con
532,F82042,07L,0.12771908017402114,0.9288977727013136,I,A
537,F82621,07L,0.15198237885462554,0.9767275842375785,con,con
534,F82647,07L,0.14583333333333334,0.9688749286122216,I,B
535,Y01280,07L,0.12045454545454545,0.9013420902341519,con,con
564,E83003,07M,0.12412831241283125,0.9157624214734438,con,con
572,E83005,07M,0.13143872113676733,0.9408909194745859,con,con
542,E83008,07M,0.14577464788732394,0.9684466019417476,con,con
549,E83009,07M,0.13280865715691098,0.9451741861793261,I,B
571,E83010,07M,0.1527638190954774,0.9777270131353513,I,B
546,E83016,07M,0.12013969732246799,0.8996287835522558,con,con
548,E83017,07M,0.1180952380952381,0.8889206167904055,con,con
568,E83018,07M,0.12507462686567164,0.9184751570531126,con,con
566,E83021,07M,0.14402451481103168,0.9657338663620788,con,con
561,E83024,07M,0.12771996215704826,0.9290405482581382,I,A
543,E83026,07M,0.15178571428571427,0.9762992575671046,I,A
563,E83027,07M,0.13902271163110805,0.9585950885208452,I,B
575,E83030,07M,0.23157248157248156,0.9985722444317533,I,B
554,E83031,07M,0.10642201834862386,0.8109651627641348,con,con
565,E83034,07M,0.12734082397003746,0.9267561393489434,I,B
551,E83035,07M,0.11809427268119614,0.8887778412335808,I,B
553,E83036,07M,0.16961789375582478,0.9911479154768703,I,B
557,E83037,07M,0.15579958819492107,0.9815819531696174,I,A
560,E83038,07M,0.1111111111111111,0.8483723586521987,con,con
555,E83039,07M,0.1870748299319728,0.9955739577384352,I,A
562,E83044,07M,0.12041237113402062,0.9010565391205025,con,con
574,E83050,07M,0.13435114503816795,0.950028555111365,con,con
573,E83053,07M,0.12533537753928709,0.9193318103940605,I,A
570,E83600,07M,0.25266704098820886,0.9992861222158766,con,con
569,E83622,07M,0.12492563950029745,0.9180468303826385,I,B
550,E83624,07M,0.11091854419410745,0.8466590519703027,con,con
559,E83638,07M,0.23763955342902712,0.9988577955454027,I,A
552,E83639,07M,0.15288788221970556,0.9781553398058253,con,con
558,E83644,07M,0.17297297297297298,0.9925756710451171,con,con
545,E83649,07M,0.11948529411764706,0.8967732724157624,I,A
544,E83650,07M,0.27610208816705334,0.9998572244431754,con,con
556,E83668,07M,0.14182344428364688,0.963449457452884,con,con
547,Y00316,07M,0.11225806451612903,0.8557966876070817,I,A
567,Y02986,07M,0.1053072625698324,0.8019703026841805,I,B
541,Y03664,07M,0.13385826771653545,0.9490291262135923,I,A
579,G83025,07N,0.12756052141527002,0.9276127926898915,con,con
580,G83046,07N,0.1217985202048947,0.9069103369503141,I,A
581,G83062,07N,0.13414634146341464,0.9496002284408909,con,con
578,G83064,07N,0.24879227053140096,0.999143346659052,I,A
577,G83066,07N,0.12424395161290322,0.9163335237007424,con,con
576,G83630,07N,0.15468856947296372,0.9798686464877213,I,B
606,E84003,07P,0.10562015503875968,0.8048258138206739,I,B
594,E84006,07P,0.12214137214137215,0.9083380925185608,I,B
607,E84007,07P,0.11949685534591195,0.8969160479725871,con,con
587,E84011,07P,0.18723404255319148,0.9957167332952599,con,con
596,E84012,07P,0.1276595744680851,0.9283266704740148,I,A
590,E84013,07P,0.10558252427184465,0.8041119360365505,I,A
601,E84017,07P,0.11180960933991918,0.8532267275842376,con,con
598,E84023,07P,0.14202898550724638,0.9635922330097088,I,B
604,E84025,07P,0.11182934712346478,0.8533695031410623,I,B
586,E84030,07P,0.11265646731571627,0.8585094231867504,I,A
583,E84032,07P,0.1148105625717566,0.8725014277555683,con,con
592,E84036,07P,0.14051214707813525,0.961307824100514,I,A
600,E84051,07P,0.12410501193317422,0.915619645916619,I,B
595,E84077,07P,0.1648,0.9877213021130783,con,con
588,E84080,07P,0.15066079295154186,0.9751570531125071,I,A
597,E84083,07P,0.11178553363682348,0.8529411764705882,con,con
591,E84638,07P,0.1437125748502994,0.9654483152484294,con,con
599,E84665,07P,0.20454545454545456,0.9975728155339806,con,con
584,E84669,07P,0.12219451371571072,0.9086236436322102,I,A
603,E84684,07P,0.11055900621118013,0.8440890919474586,con,con
602,E84685,07P,0.13652802893309224,0.9544545973729297,I,B
582,E84696,07P,0.10869565217391304,0.8298115362649914,I,A
593,E84701,07P,0.11904761904761904,0.894774414620217,con,con
585,E84702,07P,0.13972055888223553,0.9598800685322673,con,con
589,E84705,07P,0.15555555555555556,0.9810108509423187,con,con
605,Y00206,07P,0.14251207729468598,0.9643061107938321,con,con
611,G84006,07Q,0.10700457585357269,0.8162478583666476,con,con
616,G84008,07Q,0.1641509433962264,0.9870074243289548,I,A
613,G84009,07Q,0.11559432933478735,0.8769274700171331,con,con
609,G84011,07Q,0.12418866291648636,0.9159051970302684,con,con
612,G84020,07Q,0.1073471183457985,0.8199600228440891,I,A
614,G84028,07Q,0.14139271827500885,0.9624500285551114,I,B
615,G84627,07Q,0.11025517573423206,0.8418046830382638,con,con
608,G84630,07Q,0.11290322580645161,0.8606510565391206,I,B
610,Y02811,07Q,0.11512959614225438,0.874357509994289,I,A
622,F83011,07R,0.10822060353798127,0.82609937178755,con,con
617,F83023,07R,0.1075,0.8212450028555112,I,A
620,F83050,07R,0.1848101265822785,0.9951456310679612,con,con
623,F83052,07R,0.11877394636015326,0.8934894346087949,I,B
628,F83055,07R,0.1110475100171723,0.8476584808680754,con,con
625,F83057,07R,0.12738095238095237,0.9268989149057681,I,A
626,F83059,07R,0.12494558119286026,0.9181896059394632,con,con
624,F83615,07R,0.1077127659574468,0.8221016561964591,con,con
618,F83623,07R,0.11249323958896701,0.857367218732153,con,con
621,F83633,07R,0.1440443213296399,0.9660194174757282,I,B
619,F83658,07R,0.10556348074179743,0.8036836093660765,I,B
627,F83682,07R,0.16796875,0.9894346087949742,I,A
629,F84036,07T,0.11391129032258064,0.8673615077098801,con,con
633,F84063,07T,0.10858324715615306,0.8288121073672188,con,con
630,F84069,07T,0.11354166666666667,0.86521987435751,I,B
634,F84640,07T,0.11783696529459241,0.8882067390062821,I,A
632,F84686,07T,0.12581547064305684,0.9211878926327812,I,B
631,F84720,07T,0.12714776632302405,0.9261850371216448,con,con
649,E85014,07W,0.12727272727272726,0.9266133637921188,I,B
656,E85019,07W,0.11535926170072512,0.875642490005711,con,con
645,E85021,07W,0.11401673640167365,0.8677898343803541,I,A
657,E85026,07W,0.12905718701700156,0.933038263849229,I,A
652,E85028,07W,0.10584615384615384,0.8061107938320959,con,con
648,E85046,07W,0.10757314974182444,0.8216733295259852,con,con
635,E85054,07W,0.13544018058690746,0.952170188463735,I,A
662,E85057,07W,0.1200373657169547,0.8992004568817819,con,con
646,E85064,07W,0.15401621223286663,0.9792975442604226,con,con
653,E85075,07W,0.15172413793103448,0.9760137064534552,I,A
641,E85088,07W,0.11610486891385768,0.8790691033695032,I,A
643,E85098,07W,0.19748305905130686,0.9967161621930326,I,B
651,E85099,07W,0.10676691729323308,0.8138206739006282,I,A
655,E85107,07W,0.13899803536345776,0.9581667618503712,I,B
663,E85116,07W,0.11481218993621545,0.8726442033123929,I,B
660,E85127,07W,0.14205702647657842,0.9637350085665334,con,con
642,E85129,07W,0.15458515283842794,0.9797258709308966,con,con
636,E85130,07W,0.1162303664921466,0.8799257567104511,con,con
638,E85617,07W,0.15742397137745975,0.9830097087378641,con,con
637,E85643,07W,0.10566037735849057,0.805254140491148,I,B
647,E85657,07W,0.13199577613516367,0.9420331239291834,I,B
654,E85677,07W,0.1838006230529595,0.9945745288406624,con,con
658,E85680,07W,0.10815047021943573,0.825671045117076,con,con
661,E85682,07W,0.11354309165526676,0.8653626499143346,I,B
640,E85694,07W,0.2,0.9971444888635066,con,con
650,E85726,07W,0.15257731958762888,0.9772986864648772,con,con
639,E85740,07W,0.12337662337662338,0.9127641347801256,I,B
659,E85745,07W,0.1244956772334294,0.9170474014848657,I,A
644,Y01221,07W,0.12750885478158205,0.9273272415762421,con,con
677,F85003,07X,0.1489945155393053,0.973443746430611,I,B
671,F85004,07X,0.15151515151515152,0.9755853797829811,I,B
667,F85010,07X,0.1553133514986376,0.9805825242718447,I,A
673,F85016,07X,0.11921611322808928,0.8953455168475157,I,A
672,F85027,07X,0.1087136929460581,0.8300970873786407,con,con
681,F85035,07X,0.12472487160674982,0.9176185037121645,I,B
678,F85036,07X,0.14038286235186873,0.9611650485436893,con,con
668,F85039,07X,0.11147811725846409,0.8510850942318675,con,con
669,F85053,07X,0.10674157303370786,0.8133923472301542,I,B
679,F85072,07X,0.1506276150627615,0.9750142775556825,I,A
683,F85634,07X,0.1054739652870494,0.8031125071387778,I,B
664,F85642,07X,0.11903064861012116,0.8944888635065676,con,con
670,F85650,07X,0.12445223488168274,0.9167618503712165,con,con
674,F85652,07X,0.11424100156494522,0.8685037121644774,con,con
680,F85654,07X,0.16924398625429554,0.9907195888063963,con,con
675,F85663,07X,0.10600706713780919,0.806967447173044,I,A
676,F85666,07X,0.13518197573656845,0.9514563106796117,con,con
665,F85678,07X,0.14743589743589744,0.9715876641918904,I,A
666,F85684,07X,0.11969601013299556,0.8974871501998858,con,con
682,F85686,07X,0.18972332015810275,0.9961450599657339,con,con
686,E85018,07Y,0.11313131313131314,0.8622215876641919,I,B
688,E85040,07Y,0.13579697239536956,0.9528840662478584,I,A
687,E85052,07Y,0.11875511875511875,0.8932038834951457,con,con
685,E85114,07Y,0.11370436864153202,0.8663620788121074,con,con
690,E85115,07Y,0.1109936575052854,0.8472301541976014,I,B
684,E85693,07Y,0.11103896103896103,0.8475157053112508,I,A
689,E85700,07Y,0.11264367816091954,0.8583666476299258,con,con
691,E85750,07Y,0.10642317380352645,0.8111079383209594,con,con
696,G83022,08A,0.1060126582278481,0.8072529982866933,I,A
694,G83034,08A,0.1226890756302521,0.9100513992004569,I,A
695,G83044,08A,0.14404190309908338,0.9658766419189034,con,con
692,G83058,08A,0.10796603315810756,0.8243860651056539,I,B
693,G83633,08A,0.11813643926788686,0.8893489434608794,con,con
698,E85016,08C,0.13069544364508393,0.9377498572244432,con,con
700,E85033,08C,0.1056020605280103,0.8043974871501999,con,con
703,E85038,08C,0.1271551724137931,0.9263278126784694,I,A
707,E85042,08C,0.13263358778625955,0.9446030839520274,I,B
704,E85055,08C,0.12568306010928962,0.920902341519132,con,con
701,E85074,08C,0.15310077519379844,0.9784408909194746,I,A
708,E85077,08C,0.14556962025316456,0.9677327241576242,con,con
702,E85125,08C,0.12926829268292683,0.9336093660765277,con,con
710,E85636,08C,0.10939112487100103,0.8352370074243289,con,con
709,E85659,08C,0.13870967741935483,0.9568817818389491,I,B
699,E85672,08C,0.15985130111524162,0.9840091376356368,I,B
706,E85685,08C,0.10560859188544153,0.8045402627070246,con,con
705,E85719,08C,0.11052631578947368,0.8436607652769845,I,B
697,Y02589,08C,0.1371308016877637,0.9551684751570532,I,A
719,F85007,08D,0.11038961038961038,0.8422330097087378,con,con
713,F85014,08D,0.12982797792924375,0.9354654483152485,con,con
712,F85017,08D,0.11664564943253468,0.881781838949172,I,A
717,F85028,08D,0.1566265060240964,0.9822958309537407,con,con
721,F85034,08D,0.1088,0.8308109651627641,con,con
711,F85045,08D,0.14789337919174547,0.9718732153055397,con,con
715,F85052,08D,0.12162162162162163,0.9060536836093661,con,con
714,F85061,08D,0.2676991150442478,0.999571673329526,I,B
716,F85063,08D,0.12123677786818551,0.90434037692747,I,B
724,F85064,08D,0.1277860326894502,0.9293260993717876,I,A
722,F85640,08D,0.11332728921124206,0.86307824100514,I,B
718,F85697,08D,0.11813186813186813,0.8892061679040548,I,B
723,Y01655,08D,0.11438892233594221,0.8696459166190749,con,con
720,Y03035,08D,0.11835686777920411,0.8906339234723015,I,A
739,E84008,08E,0.13333333333333333,0.9474585950885208,I,B
727,E84009,08E,0.21344072489302793,0.9982866933181039,I,B
736,E84018,08E,0.11212814645308924,0.8553683609366076,con,con
725,E84024,08E,0.10519978106185003,0.8008280982295831,I,A
735,E84039,08E,0.10974284679463962,0.8380925185608223,I,B
726,E84053,08E,0.1959731543624161,0.9965733866362079,con,con
728,E84057,08E,0.13280094646554275,0.9448886350656768,con,con
740,E84058,08E,0.11414790996784566,0.8683609366076528,con,con
738,E84061,08E,0.1695906432748538,0.9910051399200457,con,con
729,E84601,08E,0.15517241379310345,0.98043974871502,I,B
734,E84647,08E,0.1162227602905569,0.8797829811536265,con,con
730,E84653,08E,0.24472573839662448,0.9990005711022273,con,con
733,E84658,08E,0.13618677042801555,0.9535979440319817,I,A
737,E84693,08E,0.16863517060367453,0.9902912621359223,I,A
731,E84713,08E,0.1281437125748503,0.9308966304968589,I,A
732,Y05080,08E,0.12367864693446089,0.9140491147915477,con,con
759,F82006,08F,0.10640049392879193,0.8108223872073101,I,A
749,F82007,08F,0.1092526690391459,0.8342375785265562,I,A
745,F82008,08F,0.13530751708428246,0.951741861793261,I,A
756,F82009,08F,0.11359681829480488,0.865648201027984,con,con
744,F82010,08F,0.13741007194244603,0.9555968018275272,con,con
754,F82011,08F,0.14783731439638476,0.971730439748715,con,con
741,F82013,08F,0.168208778173191,0.9898629354654483,I,B
750,F82014,08F,0.11144708423326134,0.8509423186750429,con,con
743,F82016,08F,0.1278928136419001,0.9298972015990863,I,B
748,F82019,08F,0.11542338709677419,0.8762135922330098,con,con
746,F82021,08F,0.12405866032500991,0.9153340948029697,con,con
747,F82023,08F,0.1070840197693575,0.816961736150771,I,B
742,F82039,08F,0.1910902696365768,0.9962878355225585,con,con
758,F82053,08F,0.16329378925331473,0.9865790976584808,con,con
761,F82609,08F,0.15894039735099338,0.9837235865219874,I,B
760,F82610,08F,0.16447368421052633,0.9872929754426042,con,con
757,F82619,08F,0.16293929712460065,0.9864363221016562,I,A
755,F82648,08F,0.20234604105571846,0.9972872644203312,I,A
753,F82666,08F,0.13298337707786526,0.9456025128498001,I,B
751,F82671,08F,0.13070539419087138,0.9378926327812679,I,A
752,F82686,08F,0.10698689956331878,0.8159623072529982,con,con
768,E86001,08G,0.14132165605095542,0.962164477441462,con,con
767,E86005,08G,0.12387706855791962,0.9147629925756711,I,A
769,E86007,08G,0.16517412935323383,0.9880068532267275,I,A
763,E86012,08G,0.12703309029725182,0.9253283837806967,I,B
770,E86027,08G,0.13955342902711323,0.9597372929754426,con,con
765,E86028,08G,0.17964731814842028,0.9938606510565391,I,B
766,E86034,08G,0.12927756653992395,0.9337521416333524,con,con
764,E86620,08G,0.1215311004784689,0.9054825813820674,con,con
762,E86640,08G,0.10666666666666667,0.8128212450028555,con,con
777,F83004,08H,0.1556420233463035,0.9814391776127926,I,B
779,F83008,08H,0.11926286509040333,0.8959166190748143,I,A
782,F83010,08H,0.13340087808172915,0.9478869217589948,con,con
774,F83012,08H,0.12,0.8990576813249571,con,con
772,F83033,08H,0.13648648648648648,0.9540262707024557,con,con
775,F83039,08H,0.1072041166380789,0.8188178183894917,I,A
783,F83045,08H,0.11327231121281464,0.8627926898914906,I,A
781,F83053,08H,0.11752577319587629,0.8866362078812108,I,B
773,F83060,08H,0.16487681617182565,0.9878640776699029,I,A
780,F83652,08H,0.1111111111111111,0.8483723586521987,con,con
771,F83660,08H,0.10952084629744867,0.8362364363221017,I,B
776,F83671,08H,0.10526315789473684,0.8013992004568817,con,con
778,F83678,08H,0.14881780250347706,0.9731581953169617,con,con
784,H84619,08J,0.1154508902929351,0.876499143346659,I,B
785,H84635,08J,0.11192930780559647,0.8539406053683609,con,con
789,G85025,08K,0.11717022844509949,0.8844945745288406,I,B
786,G85041,08K,0.1305575158786168,0.9373215305539692,con,con
791,G85053,08K,0.10520833333333333,0.8009708737864077,I,A
788,G85102,08K,0.10887772194304858,0.8310965162764135,con,con
790,G85133,08K,0.11092003439380911,0.8468018275271274,con,con
787,G85674,08K,0.14688601645123384,0.970445459737293,I,A
793,G85003,08L,0.12785072563925362,0.9297544260422616,con,con
799,G85015,08L,0.13333333333333333,0.9474585950885208,con,con
800,G85024,08L,0.12211538461538461,0.9081953169617362,I,B
798,G85035,08L,0.12366412213740458,0.913906339234723,I,B
794,G85055,08L,0.1222181685516235,0.9089091947458595,I,A
797,G85089,08L,0.14136125654450263,0.9623072529982867,con,con
792,G85105,08L,0.1624007060900265,0.9860079954311822,I,A
795,G85717,08L,0.10702113156100886,0.8163906339234723,con,con
796,G85736,08L,0.16938110749185667,0.9908623643632211,I,B
803,F84014,08M,0.13824561403508773,0.9561679040548258,con,con
812,F84022,08M,0.10676156583629894,0.8136778983438036,I,B
814,F84047,08M,0.12157413914265636,0.9059109080525414,I,A
807,F84077,08M,0.15439010017678256,0.979583095374072,con,con
813,F84086,08M,0.12109115103127079,0.9036264991433467,con,con
801,F84088,08M,0.1365079365079365,0.9543118218161051,con,con
810,F84111,08M,0.1078735275883447,0.8236721873215306,I,A
815,F84631,08M,0.1218568665377176,0.9071958880639635,con,con
806,F84657,08M,0.13209606986899564,0.942604226156482,I,A
805,F84661,08M,0.1171003717472119,0.883923472301542,con,con
809,F84666,08M,0.1254054054054054,0.9197601370645345,con,con
808,F84669,08M,0.10531496062992125,0.8021130782410052,I,A
804,F84670,08M,0.10942956926658906,0.8355225585379783,I,B
802,F84708,08M,0.1258426966292135,0.921330668189606,I,B
811,F84742,08M,0.18382352941176472,0.9947173043974872,con,con
835,F86007,08N,0.1095392077607114,0.8366647629925756,I,B
843,F86008,08N,0.11532014750251425,0.875214163335237,I,A
833,F86010,08N,0.13305613305613306,0.9460308395202741,I,A
841,F86012,08N,0.1712946267580238,0.9918617932609937,I,B
828,F86013,08N,0.10549132947976879,0.8032552826956025,con,con
819,F86020,08N,0.16448931116389548,0.9874357509994289,I,A
818,F86023,08N,0.14551248008497078,0.9675899486007995,con,con
822,F86032,08N,0.20527859237536658,0.9977155910908052,con,con
840,F86034,08N,0.13230994152046785,0.9437464306110794,con,con
826,F86057,08N,0.13896218117854,0.9578812107367218,con,con
830,F86064,08N,0.1685490877497828,0.990005711022273,con,con
836,F86066,08N,0.14334470989761092,0.9650199885779555,con,con
838,F86081,08N,0.1200960768614892,0.8993432324386065,con,con
827,F86083,08N,0.12780656303972365,0.9296116504854369,I,A
817,F86085,08N,0.2603036876355748,0.9994288977727013,I,A
816,F86087,08N,0.11359026369168357,0.8655054254711594,con,con
820,F86612,08N,0.10869565217391304,0.8298115362649914,con,con
834,F86624,08N,0.10559006211180125,0.8042547115933752,con,con
832,F86637,08N,0.11972789115646258,0.8976299257567104,con,con
837,F86641,08N,0.1348314606741573,0.9505996573386636,I,B
825,F86652,08N,0.14726583649160802,0.9710165619645916,I,A
844,F86691,08N,0.1393097643097643,0.9591661907481439,con,con
831,F86692,08N,0.13220940550133098,0.943032552826956,I,B
823,F86702,08N,0.14622178606476938,0.9694460308395203,I,B
829,F86704,08N,0.11578947368421053,0.8776413478012565,I,B
821,F86707,08N,0.1622222222222222,0.9857224443175329,I,B
839,F86731,08N,0.145,0.9668760708166761,I,A
824,Y00090,08N,0.14791901012373454,0.9720159908623643,con,con
842,Y00918,08N,0.12863913337846988,0.9323243860651057,con,con
845,H84006,08P,0.17274256870443072,0.9924328954882924,I,B
850,H84023,08P,0.10841983852364476,0.8279554540262707,con,con
849,H84031,08P,0.113776559287183,0.866504854368932,I,A
847,H84032,08P,0.1268985791278785,0.9247572815533981,I,B
853,H84040,08P,0.12236969893169311,0.9096230725299829,I,B
854,H84043,08P,0.11235408560311284,0.8565105653912051,con,con
855,H84055,08P,0.11071042192571222,0.8449457452884066,I,B
848,H84059,08P,0.14333333333333334,0.9648772130211308,con,con
856,H84060,08P,0.10888610763454318,0.8313820673900628,con,con
851,H84608,08P,0.13445378151260504,0.9501713306681896,I,A
858,H84630,08P,0.13070725156669652,0.9380354083380925,con,con
846,H84632,08P,0.1678622668579627,0.9892918332381496,con,con
852,H84639,08P,0.13304721030042918,0.9457452884066248,con,con
857,Y01206,08P,0.12340966921119594,0.9129069103369503,I,A
859,G85030,08Q,0.1279916753381894,0.9301827527127355,con,con
869,H85020,08R,0.14810860280658938,0.9724443175328383,I,A
865,H85024,08R,0.13700918964076858,0.9550256996002284,I,A
862,H85026,08R,0.12678705793829947,0.924328954882924,con,con
860,H85027,08R,0.11353032659409021,0.8649343232438607,con,con
861,H85028,08R,0.1389496717724289,0.9577384351798972,I,B
867,H85037,08R,0.12985274431057564,0.9356082238720731,I,B
863,H85078,08R,0.1653290529695024,0.9881496287835523,I,B
868,H85090,08R,0.11130536130536131,0.8499428897772702,con,con
864,H85092,08R,0.18870967741935485,0.9958595088520845,con,con
866,H85656,08R,0.1746431570109152,0.9927184466019418,con,con
871,H85019,08T,0.136317907444668,0.9537407195888064,I,A
873,H85022,08T,0.12258064516129032,0.9099086236436322,I,B
870,H85032,08T,0.11801242236024845,0.8886350656767561,con,con
874,H85053,08T,0.11003236245954692,0.8402341519131925,con,con
872,H85662,08T,0.12022630834512023,0.8997715591090806,con,con
879,F84062,08V,0.1179733727810651,0.8883495145631068,con,con
880,F84079,08V,0.14212827988338192,0.9638777841233581,I,A
877,F84081,08V,0.10564585115483319,0.8051113649343232,con,con
882,F84083,08V,0.13063763608087092,0.9376070816676185,I,B
878,F84122,08V,0.11089174070417901,0.8463735008566533,I,A
883,F84656,08V,0.10753598645215919,0.8213877784123358,con,con
876,F84702,08V,0.1099116781157998,0.8393774985722444,I,B
875,F84710,08V,0.11258907363420427,0.8582238720731011,con,con
881,F84747,08V,0.13112706837339994,0.9397487150199886,con,con
894,F86001,08W,0.132640586797066,0.944745859508852,con,con
895,F86005,08W,0.11384615384615385,0.8669331810394061,I,A
887,F86011,08W,0.11391724879097259,0.8676470588235294,I,B
884,F86018,08W,0.15203021718602455,0.9768703597944032,con,con
886,F86026,08W,0.13830508474576272,0.9563106796116505,con,con
896,F86078,08W,0.1567773543821448,0.9825813820673901,con,con
893,F86616,08W,0.11718131433095803,0.8846373500856654,I,A
892,F86650,08W,0.11435832274459974,0.8695031410622501,con,con
890,F86666,08W,0.11883252258512857,0.8937749857224443,con,con
885,F86700,08W,0.12994350282485875,0.9358937749857225,I,B
891,Y00092,08W,0.1400560224089636,0.9607367218732153,I,B
889,Y01291,08W,0.13126959247648903,0.9403198172472873,I,A
888,Y01839,08W,0.11011523687580026,0.8405197030268418,con,con
902,H85005,08X,0.1169715014887282,0.8832095945174187,con,con
900,H85006,08X,0.12382075471698113,0.9146202170188463,con,con
908,H85007,08X,0.12236004022795843,0.9093375214163335,con,con
899,H85009,08X,0.11712078080520537,0.8842090234151914,I,A
904,H85011,08X,0.11346153846153846,0.8646487721302113,con,con
898,H85041,08X,0.10980392156862745,0.8385208452312964,con,con
897,H85045,08X,0.11222222222222222,0.855653912050257,I,A
909,H85049,08X,0.11699402220324509,0.8833523700742433,I,B
906,H85077,08X,0.13368055555555555,0.9487435750999429,con,con
907,H85114,08X,0.1231658514895509,0.9121930325528269,I,B
903,H85637,08X,0.1462925851703407,0.9697315819531697,I,A
901,Y01132,08X,0.10515970515970516,0.8006853226727584,I,A
905,Y02423,08X,0.1079951462855602,0.8248143917761279,I,B
922,E87004,08Y,0.1465149359886202,0.9700171330668189,con,con
926,E87009,08Y,0.1331168831168831,0.9463163906339235,con,con
915,E87013,08Y,0.109167671893848,0.8328098229583095,I,A
918,E87016,08Y,0.1328011611030479,0.9450314106225014,con,con
925,E87021,08Y,0.11478260869565217,0.8722158766419189,I,B
913,E87029,08Y,0.12515802781289506,0.9187607081667618,I,B
914,E87038,08Y,0.11646234676007006,0.8809251856082239,con,con
920,E87065,08Y,0.12693498452012383,0.9250428326670475,con,con
921,E87665,08Y,0.17606602475928473,0.9931467732724157,I,B
910,E87701,08Y,0.1518987341772152,0.9764420331239292,con,con
912,E87720,08Y,0.1601642710472279,0.9842946887492862,con,con
923,E87733,08Y,0.1166429587482219,0.8816390633923472,I,A
924,E87738,08Y,0.1275239107332625,0.9274700171330669,con,con
916,E87742,08Y,0.11515151515151516,0.8745002855511137,con,con
917,E87750,08Y,0.1097972972972973,0.8383780696744717,I,B
911,Y00507,08Y,0.13486005089058525,0.950885208452313,I,A
919,Y01011,08Y,0.1111111111111111,0.8483723586521987,I,A
931,E87002,09A,0.11608093716719915,0.8789263278126784,I,B
927,E87008,09A,0.11247991430101767,0.8572244431753284,I,B
937,E87010,09A,0.13576642335766423,0.952598515134209,I,B
938,E87037,09A,0.12423625254582485,0.9161907481439178,con,con
933,E87045,09A,0.13915857605177995,0.9590234151913193,I,A
928,E87052,09A,0.14710743801652892,0.9707310108509423,con,con
935,E87069,09A,0.11458333333333333,0.8706453455168475,I,A
941,E87609,09A,0.10623052959501558,0.8093946316390634,I,B
936,E87681,09A,0.19759168035030103,0.9968589377498572,con,con
934,E87737,09A,0.1282051282051282,0.9310394060536836,con,con
929,E87741,09A,0.12396694214876033,0.9150485436893204,I,A
939,E87754,09A,0.10948191593352884,0.8359508852084523,I,A
930,E87756,09A,0.20439963336388633,0.997430039977156,con,con
940,Y00902,09A,0.15092592592592594,0.9754426042261565,con,con
932,Y02260,09A,0.11126564673157163,0.8495145631067961,con,con
942,G82049,09C,0.10933333333333334,0.834808680753855,con,con
943,G82142,09C,0.12111292962356793,0.903912050256996,I,A
953,G81036,09D,0.15675675675675677,0.9824386065105654,con,con
948,G81042,09D,0.11391129032258064,0.8673615077098801,I,A
945,G81044,09D,0.10813704496788008,0.8255282695602513,con,con
952,G81054,09D,0.10951893551688843,0.836093660765277,I,A
947,G81075,09D,0.12030905077262694,0.9001998857795546,con,con
956,G81076,09D,0.11500510377679483,0.8737864077669902,I,B
954,G81083,09D,0.11953883495145631,0.8972015990862364,I,B
951,G81094,09D,0.11499436302142052,0.8736436322101656,con,con
950,G81103,09D,0.11832740213523131,0.8903483723586522,I,A
946,G81646,09D,0.12609970674486803,0.9221873215305539,I,A
949,G81656,09D,0.10628019323671498,0.8099657338663621,con,con
955,G81684,09D,0.1712121212121212,0.991719017704169,con,con
944,G81694,09D,0.11204481792717087,0.8545117075956596,I,B
957,G82115,09E,0.1227025627750453,0.9104797258709308,con,con
958,G82204,09E,0.10776614310645724,0.8226727584237579,I,A
959,G82726,09E,0.1073541842772612,0.8201027984009137,con,con
964,H82006,09G,0.10532941670163659,0.8022558537978298,con,con
966,H82011,09G,0.10551311170761925,0.8035408338092519,con,con
969,H82013,09G,0.12171628721541156,0.9064820102798401,I,A
970,H82021,09G,0.11571841851494696,0.8774985722444317,con,con
960,H82023,09G,0.11471740346950196,0.8719303255282695,con,con
963,H82042,09G,0.1213501760198799,0.9044831524842947,I,B
967,H82043,09G,0.11180879076362163,0.8530839520274129,I,A
968,H82048,09G,0.11045973464979944,0.8426613363792119,con,con
961,H82055,09G,0.10960757780784844,0.8370930896630497,I,B
965,H82059,09G,0.10922787193973635,0.8339520274129069,I,A
962,H82061,09G,0.11137897782063645,0.8505139920045688,con,con
973,H82012,09H,0.11072056239015818,0.8450885208452313,I,A
972,H82025,09H,0.11014615547553484,0.8408052541404911,con,con
971,H82064,09H,0.11024345429490125,0.8415191319246145,I,B
974,H82098,09H,0.14625850340136054,0.9695888063963449,con,con
976,G82021,09J,0.15196960607878424,0.9765848086807538,I,B
982,G82032,09J,0.10712387028176502,0.8176756139348943,I,B
978,G82044,09J,0.10541447053186392,0.8026841804683038,I,A
985,G82056,09J,0.11671469740634005,0.8819246145059966,con,con
980,G82088,09J,0.10714285714285714,0.8179611650485437,I,A
977,G82097,09J,0.1358447488584475,0.953026841804683,con,con
983,G82122,09J,0.10699899295065458,0.816105082809823,con,con
981,G82221,09J,0.11020006559527715,0.8412335808109651,con,con
986,G82690,09J,0.14556962025316456,0.9677327241576242,I,A
975,G82722,09J,0.11931818181818182,0.8963449457452884,con,con
984,G82780,09J,0.11747243426632739,0.8863506567675614,I,B
979,G82808,09J,0.13169377231257437,0.9414620217018846,con,con
987,H81056,09L,0.14458572600492206,0.9665905197030269,con,con
988,H81058,09L,0.13994523881959234,0.960451170759566,I,A
991,H81026,09N,0.1117056856187291,0.8525128498001142,con,con
992,H81043,09N,0.12277631962671333,0.9107652769845802,I,A
989,H81076,09N,0.12995367987647968,0.9360365505425471,con,con
990,H81647,09N,0.13901345291479822,0.9583095374071959,I,B
993,G81033,09P,0.1083000443852641,0.8270988006853227,I,B
994,G81052,09P,0.11645746164574616,0.8807824100513992,con,con
1009,G82051,09W,0.12759226713532512,0.9278983438035409,con,con
996,G82095,09W,0.10913600661430344,0.8326670474014849,I,B
1006,G82123,09W,0.14112458654906285,0.961736150770988,I,B
1001,G82133,09W,0.10817941952506596,0.8258138206739006,con,con
999,G82139,09W,0.12342569269521411,0.913049685893775,con,con
1012,G82161,09W,0.10990821369734055,0.8392347230154198,I,A
1002,G82203,09W,0.1050999310820124,0.8002569960022844,I,A
998,G82233,09W,0.14271555996035679,0.9644488863506567,I,A
1010,G82622,09W,0.1266735324407827,0.92390062821245,I,A
1004,G82653,09W,0.1553956834532374,0.980868075385494,I,A
1008,G82679,09W,0.14550898203592813,0.9674471730439749,I,B
1005,G82704,09W,0.13458445040214478,0.9503141062250143,con,con
1007,G82706,09W,0.18244170096021947,0.9941462021701885,con,con
995,G82719,09W,0.1297071129707113,0.9351798972015991,con,con
1011,G82721,09W,0.12220447284345048,0.9087664191890349,con,con
997,G82753,09W,0.11426639621365788,0.8686464877213022,con,con
1003,G82820,09W,0.12143928035982009,0.9050542547115934,con,con
1000,Y02462,09W,0.11997736276174306,0.8989149057681325,I,B
1027,H82005,09X,0.10719530102790015,0.8185322672758424,I,B
1019,H82008,09X,0.11798258781146803,0.8884922901199315,I,A
1016,H82010,09X,0.16630434782608697,0.9887207310108509,con,con
1021,H82027,09X,0.11285266457680251,0.8600799543118218,I,B
1026,H82035,09X,0.1634160756501182,0.9867218732153056,con,con
1015,H82056,09X,0.10901518863302302,0.8320959451741862,I,A
1023,H82057,09X,0.12651478429471644,0.923472301541976,I,B
1024,H82063,09X,0.12637028014616322,0.923043974871502,con,con
1020,H82072,09X,0.13855213023900242,0.9567390062821245,con,con
1013,H82084,09X,0.1204323211528564,0.9011993146773273,I,B
1017,H82089,09X,0.16033483580167418,0.9847230154197602,I,A
1025,H82092,09X,0.12189349112426036,0.9073386636207881,I,A
1014,H82100,09X,0.12076749435665914,0.9023415191319246,con,con
1018,H82615,09X,0.1596220785678767,0.9838663620788121,con,con
1022,H82640,09X,0.13319566339700567,0.9466019417475728,con,con
1031,H81015,09Y,0.12765330188679244,0.9281838949171902,I,B
1030,H81024,09Y,0.10939579451690179,0.8353797829811537,con,con
1029,H81065,09Y,0.13014119091467158,0.9364648772130212,I,A
1033,H81104,09Y,0.1111111111111111,0.8483723586521987,I,A
1032,H81111,09Y,0.10595238095238095,0.8066818960593947,con,con
1034,H81131,09Y,0.12053571428571429,0.9017704169046259,con,con
1028,H81664,09Y,0.10961538461538461,0.837378640776699,con,con
1042,G82007,10A,0.14676781002638523,0.9701599086236437,I,B
1038,G82018,10A,0.17073170731707318,0.9915762421473444,I,A
1040,G82111,10A,0.10785212343415826,0.8235294117647058,I,B
1037,G82121,10A,0.11015911872705018,0.8409480296973159,con,con
1041,G82217,10A,0.15221579961464354,0.9771559109080525,con,con
1036,G82232,10A,0.11508852963818322,0.873929183323815,I,A
1035,G82684,10A,0.11677018633540373,0.8820673900628212,con,con
1039,G82696,10A,0.1074800290486565,0.8209594517418618,con,con
1043,H81130,10C,0.10652245165519501,0.8119645916619075,I,B
1044,H81620,10C,0.11429725363489499,0.8690748143917761,con,con
1045,G82026,10D,0.10614525139664804,0.8085379782981154,I,A
1047,G82057,10D,0.12216358839050132,0.9084808680753855,I,B
1048,G82175,10D,0.1672473867595819,0.9890062821245003,con,con
1046,G82791,10D,0.1073015873015873,0.8195316961736151,con,con
1049,Y02506,10D,0.12987519500780031,0.9357509994288977,I,A
1050,G82052,10E,0.10645481628599801,0.8115362649914335,I,B
1052,K81032,10G,0.11214442013129103,0.8555111364934324,I,B
1051,K81059,10G,0.1309322033898305,0.9390348372358652,con,con
1057,K82001,10H,0.11429595127194554,0.8689320388349514,con,con
1053,K82011,10H,0.13082901554404144,0.9384637350085665,con,con
1055,K82012,10H,0.12600896860986546,0.9220445459737293,con,con
1054,K82049,10H,0.13413585554600171,0.9494574528840662,I,B
1056,K82055,10H,0.10602549246813442,0.8076813249571674,I,B
1058,K82078,10H,0.12633376013657704,0.9229011993146773,I,A
1059,J82154,10K,0.1109343032507388,0.846944603083952,con,con
1060,J84017,10L,0.11053484602917342,0.8438035408338093,I,A
1061,K81002,10M,0.11742738589211618,0.886065105653912,con,con
1062,K81027,10N,0.10901001112347053,0.8319531696173615,con,con
1088,K84001,10Q,0.134857676154923,0.9507424328954883,I,A
1067,K84002,10Q,0.1172110261755849,0.8850656767561393,con,con
1063,K84003,10Q,0.10912698412698413,0.8325242718446602,con,con
1080,K84006,10Q,0.1183467142432352,0.8904911479154769,I,A
1086,K84008,10Q,0.11090487238979119,0.846516276413478,I,A
1071,K84010,10Q,0.16174540682414698,0.9854368932038835,con,con
1072,K84017,10Q,0.12313612313612314,0.9117647058823529,I,A
1083,K84023,10Q,0.12838360402165508,0.9314677327241576,con,con
1075,K84027,10Q,0.12364945978391356,0.9137635636778983,con,con
1076,K84033,10Q,0.10930365296803653,0.834380354083381,I,A
1081,K84034,10Q,0.1387987012987013,0.9571673329525985,con,con
1079,K84037,10Q,0.10602356079128696,0.8075385494003426,con,con
1069,K84038,10Q,0.11136235161107971,0.8503712164477442,con,con
1074,K84040,10Q,0.12550988390335738,0.9201884637350086,I,B
1087,K84044,10Q,0.11236885698509111,0.8567961165048543,con,con
1065,K84045,10Q,0.11981020166073547,0.8982010279840091,con,con
1090,K84046,10Q,0.11538461538461539,0.8757852655625357,I,A
1084,K84047,10Q,0.11817325800376648,0.8899200456881782,I,B
1085,K84049,10Q,0.10602205258693809,0.807395773843518,con,con
1073,K84051,10Q,0.10992093853608774,0.8395202741290692,con,con
1066,K84052,10Q,0.11923583662714098,0.8956310679611651,I,B
1064,K84056,10Q,0.1457875457875458,0.968732153055397,I,B
1082,K84058,10Q,0.11234567901234568,0.8563677898343803,I,B
1078,K84063,10Q,0.11081081081081082,0.84565962307253,I,B
1077,K84065,10Q,0.11589403973509933,0.8777841233580811,con,con
1089,K84075,10Q,0.11272321428571429,0.8589377498572245,con,con
1068,K84080,10Q,0.11274509803921569,0.8592233009708737,I,A
1070,K84082,10Q,0.11401925391095066,0.8679326099371788,I,B
1093,K81034,10T,0.135,0.9513135351227869,I,B
1091,K81039,10T,0.12183837137569402,0.9070531125071388,I,A
1092,Y00437,10T,0.10528869480834546,0.8015419760137065,con,con
1094,J82009,10V,0.10853994490358126,0.8285265562535694,I,B
1095,J82021,10V,0.13139386189258312,0.9407481439177613,con,con
1096,K81078,10W,0.1112279779121746,0.8490862364363221,con,con
1099,J82002,10X,0.11184755592377796,0.8536550542547116,con,con
1100,J82076,10X,0.1246578750933068,0.9174757281553398,I,A
1098,J82128,10X,0.10687960687960688,0.8151056539120503,I,B
1101,J82180,10X,0.13217993079584775,0.9428897772701313,con,con
1102,J82207,10X,0.10969793322734499,0.8376641918903484,I,A
1104,J82605,10X,0.11283185840707964,0.8599371787549971,I,B
1103,J82622,10X,0.10529726227118096,0.8018275271273558,con,con
1097,J82663,10X,0.11752577319587629,0.8866362078812108,con,con
1105,K82038,10Y,0.10994510816919599,0.8396630496858938,con,con
1106,K82042,10Y,0.13358490566037737,0.9483152484294689,I,B
1108,J82007,11A,0.12231704163434187,0.9091947458595089,con,con
1113,J82008,11A,0.10569105691056911,0.8055396916047972,I,A
1129,J82019,11A,0.12204319506342132,0.9079097658480868,I,B
1116,J82020,11A,0.11013698630136987,0.8406624785836665,con,con
1110,J82029,11A,0.12901392441034384,0.9328954882924043,con,con
1111,J82034,11A,0.11712846347607053,0.884351798972016,I,A
1123,J82035,11A,0.11464826357969723,0.8715019988577956,I,B
1114,J82039,11A,0.13880794701986754,0.9573101085094232,con,con
1112,J82051,11A,0.11752734673111168,0.88692175899486,con,con
1119,J82056,11A,0.11529271206690561,0.8750713877784123,I,B
1120,J82059,11A,0.1255585344057194,0.9204740148486579,con,con
1115,J82064,11A,0.126883425852498,0.9246145059965734,I,B
1121,J82074,11A,0.12297824874511991,0.9111936036550543,I,A
1124,J82089,11A,0.11926337328266588,0.8960593946316391,con,con
1128,J82097,11A,0.14438356164383562,0.9661621930325528,con,con
1109,J82103,11A,0.10917180013689254,0.8332381496287835,I,B
1107,J82112,11A,0.11293920803123257,0.8609366076527698,I,A
1132,J82121,11A,0.10826319816373374,0.826527698458024,con,con
1117,J82129,11A,0.1318781264211005,0.9418903483723586,I,A
1118,J82132,11A,0.11658706035605731,0.8813535122786978,con,con
1131,J82139,11A,0.14856711915535445,0.9730154197601371,I,B
1125,J82150,11A,0.15044047887960244,0.9747287264420331,I,A
1126,J82156,11A,0.133051742344245,0.9458880639634495,con,con
1130,J82166,11A,0.1323859386686612,0.9438892061679041,con,con
1127,J82169,11A,0.11491442542787286,0.8733580810965162,I,A
1122,J82192,11A,0.17158792650918636,0.9920045688178184,con,con
1134,K81018,11C,0.13974309069676918,0.960022844089092,I,B
1133,K81021,11C,0.12756539235412476,0.9277555682467161,con,con
1135,K81092,11D,0.1055004508566276,0.8033980582524272,con,con
1138,L81020,11E,0.1259920634920635,0.9219017704169046,I,A
1143,L81025,11E,0.13944335113859993,0.9594517418617933,con,con
1141,L81027,11E,0.1430745814307458,0.9647344374643061,con,con
1136,L81045,11E,0.10621669626998224,0.8092518560822387,I,A
1140,L81049,11E,0.1479684657368102,0.9721587664191891,I,A
1144,L81064,11E,0.10784763653051858,0.8233866362078812,I,B
1139,L81068,11E,0.13459745104134285,0.950456881781839,con,con
1142,L81070,11E,0.13019390581717452,0.9368932038834952,I,B
1145,L81071,11E,0.13365681517423908,0.9484580239862935,con,con
1137,L81080,11E,0.10590074247753029,0.8063963449457453,con,con
1153,L81008,11H,0.12072493422975739,0.9020559680182753,I,A
1156,L81009,11H,0.11163670766319773,0.8522272986864649,con,con
1157,L81013,11H,0.10770855332629356,0.8219588806396345,I,A
1147,L81032,11H,0.11074301940369144,0.845231296402056,I,B
1152,L81035,11H,0.13576642335766423,0.952598515134209,con,con
1155,L81053,11H,0.13101716199246546,0.9393203883495146,I,B
1148,L81077,11H,0.12348079727758872,0.9131924614505996,con,con
1146,L81084,11H,0.10658307210031348,0.8122501427755568,con,con
1150,L81089,11H,0.11764705882352941,0.8872073101085094,con,con
1151,L81090,11H,0.1185006045949214,0.8917761279268989,I,B
1149,L81095,11H,0.11127379209370425,0.8496573386636208,I,A
1154,L81131,11H,0.13098464317976513,0.9391776127926899,con,con
1158,L81669,11H,0.13940370668815472,0.9593089663049685,con,con
1161,J81002,11J,0.11063708759954494,0.8445174186179326,con,con
1162,J81010,11J,0.13835652402205303,0.9565962307252999,I,B
1160,J81058,11J,0.12305295950155763,0.9114791547687036,I,A
1159,J81068,11J,0.11458756603006907,0.8709308966304968,con,con
1166,L84003,11M,0.10630536737884315,0.8102512849800114,con,con
1170,L84005,11M,0.10966449674511768,0.8375214163335237,con,con
1183,L84006,11M,0.13156408808582723,0.9411764705882353,I,B
1174,L84011,11M,0.15607625099285147,0.981724728726442,con,con
1175,L84015,11M,0.13184165232358003,0.941747572815534,I,A
1164,L84021,11M,0.11510791366906475,0.8742147344374643,con,con
1167,L84025,11M,0.16038492381716118,0.9848657909765848,I,A
1165,L84030,11M,0.13543859649122808,0.9520274129069103,I,B
1182,L84031,11M,0.10651920838183934,0.8118218161050829,con,con
1180,L84037,11M,0.11085248763456503,0.846087949743004,con,con
1163,L84042,11M,0.11151515151515151,0.8515134209023415,I,B
1171,L84051,11M,0.11175681716584712,0.8526556253569388,I,A
1185,L84057,11M,0.10832907511497189,0.8275271273557967,I,A
1169,L84063,11M,0.11728395061728394,0.8854940034266133,I,A
1177,L84065,11M,0.10523150932050511,0.8012564249000571,I,B
1184,L84069,11M,0.13071613459879206,0.9381781838949171,con,con
1178,L84070,11M,0.10623145400593471,0.8095374071958881,con,con
1179,L84072,11M,0.10919920582395765,0.8336664762992576,I,A
1181,L84075,11M,0.10877403846153846,0.8303826384922901,I,B
1168,L84080,11M,0.11855203619909502,0.8920616790405482,con,con
1173,L84606,11M,0.11452991452991453,0.8702170188463735,I,B
1176,L84615,11M,0.14735658042744657,0.971302113078241,con,con
1172,L84616,11M,0.10634208840486867,0.8105368360936608,con,con
1203,L82003,11N,0.11046153846153846,0.8428041119360365,con,con
1193,L82008,11N,0.13333333333333333,0.9474585950885208,con,con
1195,L82011,11N,0.10592938041305797,0.8065391205025699,con,con
1204,L82012,11N,0.11344170599545533,0.8643632210165619,I,B
1186,L82022,11N,0.11149724876918621,0.8512278697886921,I,B
1201,L82023,11N,0.10824834496332081,0.8262421473443746,con,con
1202,L82035,11N,0.11152764761012184,0.8516561964591662,I,A
1206,L82038,11N,0.11535688536409516,0.8754997144488863,I,B
1189,L82039,11N,0.10987261146496816,0.8389491719017704,con,con
1198,L82043,11N,0.11916010498687664,0.8950599657338664,I,B
1197,L82044,11N,0.12331741207121147,0.9124785836664763,con,con
1191,L82047,11N,0.12577881619937695,0.9210451170759566,con,con
1194,L82050,11N,0.12037306907607112,0.9006282124500286,I,A
1190,L82052,11N,0.11613793103448276,0.8792118789263278,I,A
1199,L82056,11N,0.12040249826509368,0.9007709880068532,con,con
1192,L82058,11N,0.12311557788944724,0.9116219303255283,I,B
1200,L82068,11N,0.11353315168029064,0.8650770988006853,I,A
1187,L82622,11N,0.10892236384704519,0.8315248429468874,con,con
1188,Y00969,11N,0.10986401899417224,0.8388063963449457,I,A
1205,Y01051,11N,0.11046323291221251,0.8429468874928612,con,con
1196,Y01127,11N,0.1094488188976378,0.8356653340948029,I,B
1207,L81004,11T,0.11333200079952029,0.8633637921187892,I,B
1209,L81043,11T,0.12791601866251945,0.9300399771559109,I,A
1210,L81044,11T,0.10771653543307087,0.8223872073101085,con,con
1208,L81058,11T,0.10532994923857868,0.8023986293546544,con,con
1211,L85020,11X,0.11256218905472637,0.857795545402627,con,con
1213,L81018,12A,0.11016648955012398,0.8410908052541405,con,con
1215,L81029,12A,0.14063066328379847,0.9614505996573387,con,con
1216,L81036,12A,0.1333095067905647,0.9473158195316962,I,B
1212,L81046,12A,0.13087016574585636,0.9386065105653912,I,A
1217,L81079,12A,0.11650943396226415,0.8810679611650486,con,con
1218,L81127,12A,0.10508474576271186,0.8001142204454598,I,A
1214,L81649,12A,0.11849632252792154,0.8916333523700742,I,B
1228,J83001,12D,0.10708215297450425,0.8168189605939463,I,B
1226,J83009,12D,0.1170696672252813,0.8837806967447173,I,B
1220,J83022,12D,0.13354873451803984,0.9481724728726442,I,A
1219,J83024,12D,0.10617848970251716,0.8089663049685893,con,con
1222,J83031,12D,0.10615048392132376,0.8088235294117647,I,A
1225,J83047,12D,0.10706450197455024,0.8166761850371217,con,con
1223,J83633,12D,0.12423500611995104,0.9160479725870931,con,con
1224,J83645,12D,0.10981912144702842,0.8386636207881211,I,A
1221,K84012,12D,0.11428571428571428,0.8687892632781268,con,con
1227,Y00058,12D,0.10947002606429192,0.8358081096516277,con,con
1251,N85001,12F,0.1173780487804878,0.8857795545402627,con,con
1246,N85002,12F,0.11335172999363193,0.8636493432324386,I,B
1236,N85007,12F,0.11539349180706208,0.8759280411193604,I,A
1229,N85008,12F,0.12887782458828034,0.932609937178755,con,con
1250,N85012,12F,0.11315280464216634,0.8625071387778412,I,A
1237,N85013,12F,0.13425789318383005,0.9498857795545402,con,con
1239,N85014,12F,0.12165705296276874,0.9061964591661907,con,con
1242,N85016,12F,0.13680555555555557,0.9548829240434038,I,B
1234,N85021,12F,0.11700680272108843,0.883495145631068,I,B
1231,N85025,12F,0.1186335403726708,0.892632781267847,con,con
1248,N85028,12F,0.11877875365955667,0.8936322101656197,I,A
1241,N85032,12F,0.11341134113411341,0.8640776699029126,con,con
1244,N85034,12F,0.12237583205325141,0.9097658480868075,I,B
1235,N85044,12F,0.11816065192083819,0.8896344945745288,con,con
1252,N85047,12F,0.11990595611285267,0.8983438035408338,I,B
1243,N85048,12F,0.14560615779345734,0.9680182752712736,con,con
1249,N85052,12F,0.11893764434180139,0.8942033123929183,con,con
1232,N85053,12F,0.1450827653359299,0.9671616219303255,I,A
1238,N85057,12F,0.12802768166089964,0.9303255282695603,I,A
1233,N85625,12F,0.12947316103379722,0.9344660194174758,con,con
1245,N85634,12F,0.10612244897959183,0.8083952027412907,con,con
1247,N85640,12F,0.10631001371742113,0.810394060536836,con,con
1240,N85643,12F,0.12206572769953052,0.9080525414049114,I,A
1230,N85648,12F,0.109375,0.8350942318675043,I,B
1258,M85027,13P,0.10878274268104776,0.8305254140491148,I,B
1256,M85028,13P,0.10898379970544919,0.8318103940605368,I,A
1253,M85030,13P,0.11338697878566203,0.8637921187892633,con,con
1259,M85034,13P,0.10747557373324244,0.8208166761850372,con,con
1257,M85038,13P,0.10813666784078901,0.8253854940034266,con,con
1255,M85053,13P,0.11924789708065314,0.8957738435179897,con,con
1254,M85092,13P,0.13103217158176944,0.9394631639063392,I,B
1261,A85021,13T,0.10692588092345079,0.8153912050256996,con,con
1262,A86008,13T,0.11849295369571469,0.8914905768132496,I,B
1263,A86015,13T,0.10629296668429403,0.8101085094231868,con,con
1260,A86020,13T,0.12632594021215043,0.9227584237578527,I,A
1264,P84027,14L,0.1235595390524968,0.9133352370074244,I,A
1265,P84034,14L,0.11345740873299928,0.8645059965733867,con,con
1273,P84037,14L,0.11332941867293013,0.8632210165619646,con,con
1266,P84051,14L,0.11466165413533834,0.8717875499714449,I,B
1268,P84052,14L,0.14117132867132867,0.9620217018846373,I,A
1267,P84053,14L,0.10781808891159939,0.8228155339805825,con,con
1269,P84055,14L,0.12402428447528187,0.915191319246145,con,con
1270,P84071,14L,0.12012012012012012,0.8994860079954312,I,B
1272,P84631,14L,0.13241379310344828,0.9440319817247287,I,B
1271,P84652,14L,0.10784313725490197,0.8232438606510566,con,con
1274,P84684,14L,0.1189710610932476,0.894346087949743,I,A
1280,N82004,99A,0.11498973305954825,0.873500856653341,I,B
1278,N82024,99A,0.11780455153949129,0.8877784123358081,I,A
1279,N82035,99A,0.12446351931330472,0.9169046259280411,con,con
1281,N82059,99A,0.12947658402203857,0.9346087949743004,con,con
1284,N82060,99A,0.14902943018159048,0.9735865219874358,I,B
1283,N82066,99A,0.1097029702970297,0.8378069674471731,con,con
1277,N82074,99A,0.11599858105711246,0.8784980011422044,con,con
1275,N82104,99A,0.10957792207792208,0.836950314106225,con,con
1282,N82107,99A,0.10989010989010989,0.839091947458595,I,A
1276,N82662,99A,0.10687960687960688,0.8151056539120503,I,B
1285,A87005,99C,0.15280135823429541,0.9778697886921759,I,B
1290,C83003,99D,0.10659715980586015,0.8123929183323815,I,B
1287,C83007,99D,0.11002292144196707,0.8400913763563678,con,con
1288,C83036,99D,0.1528140141632501,0.9780125642490006,I,A
1286,C83054,99D,0.15533088235294118,0.9807252998286693,I,B
1289,C83614,99D,0.12315270935960591,0.9119074814391777,con,con
1293,F81013,99E,0.10681755451283467,0.8145345516847515,con,con
1294,F81031,99E,0.1251400821815465,0.9186179326099372,I,B
1292,F81036,99E,0.11597032409215151,0.8780696744717305,I,A
1297,F81041,99E,0.11388972582103044,0.8672187321530554,con,con
1296,F81085,99E,0.11475791433891992,0.8720731010850943,I,B
1300,F81102,99E,0.14840637450199204,0.9728726442033124,I,B
1298,F81104,99E,0.13151041666666666,0.9410336950314107,I,A
1301,F81168,99E,0.1129976580796253,0.8612221587664192,con,con
1299,F81215,99E,0.1159047005795235,0.8779268989149057,con,con
1291,F81729,99E,0.11876075731497418,0.8933466590519703,con,con
1295,Y00469,99E,0.11203104786545925,0.8543689320388349,con,con
1304,F81001,99F,0.1066987565182511,0.8131067961165048,I,A
1310,F81032,99F,0.12845303867403315,0.931753283837807,I,B
1303,F81051,99F,0.11032177183451734,0.8419474585950886,con,con
1308,F81070,99F,0.1171993911719939,0.8849229011993147,I,A
1314,F81096,99F,0.1128673196794301,0.8603655054254712,I,B
1307,F81101,99F,0.14742589703588144,0.9714448886350657,con,con
1306,F81123,99F,0.12157351370594517,0.9057681324957167,I,A
1311,F81125,99F,0.10810810810810811,0.8252427184466019,con,con
1305,F81618,99F,0.10859301227573183,0.8289548829240434,con,con
1313,F81675,99F,0.10606060606060606,0.8081096516276414,con,con
1309,F81739,99F,0.13790386130811663,0.9557395773843518,con,con
1302,F81740,99F,0.2686131386861314,0.9997144488863506,I,A
1312,Y00984,99F,0.1214574898785425,0.9053398058252428,I,B
1331,F81003,99G,0.1207801950487622,0.9024842946887492,con,con
1325,F81092,99G,0.20532319391634982,0.99785836664763,con,con
1321,F81097,99G,0.10865724381625441,0.8295259851513421,con,con
1320,F81112,99G,0.13036303630363036,0.9370359794403198,I,A
1318,F81121,99G,0.12034927866362946,0.9003426613363792,I,B
1328,F81147,99G,0.1531272465851905,0.9785836664762992,I,A
1330,F81159,99G,0.11449579831932773,0.8700742432895489,I,B
1319,F81164,99G,0.14635958395245172,0.9698743575099943,con,con
1322,F81223,99G,0.1146278870829769,0.8710736721873216,I,A
1317,F81613,99G,0.14154250657318143,0.962592804111936,con,con
1326,F81622,99G,0.3239852398523985,1.0,I,A
1329,F81649,99G,0.11860940695296524,0.8923472301541976,con,con
1323,F81656,99G,0.12846068660022147,0.9318960593946316,con,con
1327,F81684,99G,0.14272211720226843,0.9645916619074815,con,con
1315,F81688,99G,0.1661392405063291,0.9882924043403769,con,con
1316,F81696,99G,0.15471698113207547,0.9800114220445459,I,B
1324,F81724,99G,0.13649425287356323,0.9541690462592805,I,B
1333,H81081,99H,0.11144170949418447,0.8507995431182181,I,B
1338,H81091,99H,0.11140583554376658,0.8506567675613935,con,con
1337,H81103,99H,0.12236533957845433,0.9094802969731582,I,A
1332,H81107,99H,0.11053837342497136,0.8439463163906339,con,con
1335,H81133,99H,0.10564280496712929,0.8049685893774986,I,A
1336,H81611,99H,0.11643835616438356,0.8806396344945745,con,con
1334,H81618,99H,0.11733892090099529,0.8856367789834381,con,con
1344,G82022,99J,0.11684460260972716,0.8827812678469446,I,A
1340,G82025,99J,0.12369496141625057,0.9141918903483723,I,A
1346,G82055,99J,0.10661268556005399,0.8125356938892062,I,A
1349,G82058,99J,0.12323321554770318,0.9123358081096516,con,con
1351,G82093,99J,0.11183496199782844,0.8535122786978869,con,con
1350,G82112,99J,0.12599019238023387,0.92175899486008,I,B
1343,G82120,99J,0.12091836734693878,0.903055396916048,con,con
1347,G82141,99J,0.12443233424159855,0.9166190748143918,con,con
1348,G82155,99J,0.11458333333333333,0.8706453455168475,I,B
1352,G82158,99J,0.11995809324253535,0.8987721302113079,I,B
1341,G82170,99J,0.13899138991389914,0.9580239862935466,con,con
1339,G82691,99J,0.10583941605839416,0.8059680182752713,con,con
1345,G82768,99J,0.10729166666666666,0.8192461450599657,con,con
1342,G82888,99J,0.16765285996055226,0.989149057681325,I,A
1359,G81007,99K,0.13253697383390217,0.944317532838378,con,con
1358,G81016,99K,0.12691652470187392,0.9249000571102227,I,B
1360,G81019,99K,0.11904761904761904,0.894774414620217,I,B
1363,G81021,99K,0.13242784380305603,0.9441747572815534,con,con
1357,G81024,99K,0.12453300124533001,0.9171901770416905,con,con
1353,G81030,99K,0.1400122549019608,0.9605939463163906,con,con
1354,G81035,99K,0.1211022480058013,0.9037692747001713,I,A
1355,G81040,99K,0.16246498599439776,0.9861507709880069,con,con
1356,G81043,99K,0.13986745727241018,0.9601656196459166,I,A
1361,G81055,99K,0.12699316628701596,0.9251856082238721,con,con
1362,G81614,99K,0.11405055849500294,0.8680753854940034,I,A
1365,J82049,99M,0.10712530712530713,0.817818389491719,I,A
1364,J82099,99M,0.13323943661971832,0.9470302684180468,con,con
1389,J83003,99N,0.10715303505272157,0.8181039406053684,I,B
1386,J83005,99N,0.11535175163771005,0.8753569388920617,con,con
1373,J83006,99N,0.16009557945041816,0.9841519131924614,I,B
1379,J83007,99N,0.11082867310625318,0.8458023986293547,I,A
1371,J83008,99N,0.12079378774805867,0.902627070245574,I,B
1378,J83013,99N,0.11704834605597965,0.8836379211878926,con,con
1385,J83018,99N,0.13366249338740963,0.9486007995431183,I,A
1376,J83019,99N,0.12297642715137745,0.9110508280982296,con,con
1374,J83026,99N,0.11510343754860787,0.8740719588806396,con,con
1372,J83037,99N,0.119533527696793,0.8970588235294118,con,con
1388,J83041,99N,0.10693069306930693,0.815676756139349,con,con
1366,J83043,99N,0.12612187057156354,0.9223300970873787,con,con
1367,J83046,99N,0.10600706713780919,0.806967447173044,I,B
1368,J83048,99N,0.13014925373134328,0.9366076527698458,con,con
1381,J83049,99N,0.12114171921672752,0.9040548258138207,I,A
1380,J83050,99N,0.1120527306967985,0.8546544831524843,con,con
1384,J83055,99N,0.11620897521768252,0.8796402055968018,con,con
1369,J83058,99N,0.12670408981555734,0.9240434037692747,I,B
1375,J83601,99N,0.10671573137074516,0.8132495716733296,I,A
1377,J83603,99N,0.1301558203483043,0.9367504283266704,I,B
1370,J83609,99N,0.15173674588665448,0.9761564820102798,con,con
1383,J83615,99N,0.12704523580365737,0.9256139348943461,I,A
1387,J83618,99N,0.168141592920354,0.9897201599086236,I,A
1382,J83632,99N,0.11488511488511488,0.8729297544260423,con,con
1400,L83013,99Q,0.11603919546157813,0.8787835522558538,con,con
1393,L83014,99Q,0.1061493411420205,0.80868075385494,I,B
1395,L83027,99Q,0.1171088746569076,0.8840662478583666,I,B
1396,L83029,99Q,0.12896174863387977,0.9327527127355797,con,con
1398,L83034,99Q,0.10794117647058823,0.8242432895488292,con,con
1390,L83043,99Q,0.13229056203605513,0.9433181039406053,con,con
1394,L83045,99Q,0.10668127053669223,0.8129640205596802,con,con
1391,L83046,99Q,0.10557184750733138,0.8038263849229011,I,A
1397,L83094,99Q,0.14008133755083596,0.96087949743004,I,A
1392,L83120,99Q,0.10854418775210854,0.828669331810394,con,con
1399,L83130,99Q,0.11159959418329388,0.8519417475728155,I,A
