TransactionID,DestinationFax,Status,PagesSent,Duration,SubmitTime,CompletionTime,RemoteCSID,Subject,ReplyEmail,Total
832098944,00441362852819,0,1,55,2018/05/08 09:41:46,2018/05/08 09:47:02,01362  852819,about your prescribing - 1,fax@openprescribing.net,0.07
832098942,00441268686141,0,1,60,2018/05/08 09:41:45,2018/05/08 09:43:02,Grafton Surgery,about your prescribing - 1,fax@openprescribing.net,0.07
832098932,00441214579256,0,1,45,2018/05/08 09:41:44,2018/05/08 09:46:49,01214579256,about your prescribing - 1,fax@openprescribing.net,0.07
832098934,00442476733023,0,1,60,2018/05/08 09:41:44,2018/05/08 09:42:56,,about your prescribing - 1,fax@openprescribing.net,0.07
832098930,00441473610791,0,1,47,2018/05/08 09:41:43,2018/05/08 09:42:44,01473 610028,about your prescribing - 1,fax@openprescribing.net,0.07
832098925,00441652650902,0,1,59,2018/05/08 09:41:42,2018/05/08 09:47:02,,about your prescribing - 1,fax@openprescribing.net,0.07
832098928,00442089076003,0,1,108,2018/05/08 09:41:42,2018/05/08 09:43:56,,about your prescribing - 1,fax@openprescribing.net,0.13
832098921,00441603766829,0,1,47,2018/05/08 09:41:41,2018/05/08 09:50:53,,about your prescribing - 1,fax@openprescribing.net,0.07
832098912,00441912814309,0,1,57,2018/05/08 09:41:40,2018/05/08 09:42:51,,about your prescribing - 1,fax@openprescribing.net,0.07
832098908,00441793772662,0,1,73,2018/05/08 09:41:39,2018/05/08 09:43:00,01793772662,about your prescribing - 1,fax@openprescribing.net,0.09
832098910,00441993822885,0,1,59,2018/05/08 09:41:39,2018/05/08 09:42:48,,about your prescribing - 1,fax@openprescribing.net,0.07
832098907,00442084473633,8021,0,67,2018/05/08 09:41:38,2018/05/08 10:01:13,,about your prescribing - 1,fax@openprescribing.net,0.00
832098902,00441249783110,0,1,78,2018/05/08 09:41:37,2018/05/08 09:50:25,01249783110,about your prescribing - 1,fax@openprescribing.net,0.09
832098906,00442088058128,0,1,59,2018/05/08 09:41:37,2018/05/08 09:42:46,,about your prescribing - 1,fax@openprescribing.net,0.07
832098900,00442088400533,0,1,77,2018/05/08 09:41:36,2018/05/08 09:47:22,,about your prescribing - 1,fax@openprescribing.net,0.09
832098899,00442082086906,0,1,115,2018/05/08 09:41:35,2018/05/08 09:44:41,OK,about your prescribing - 1,fax@openprescribing.net,0.14
832098896,00441993831867,0,1,59,2018/05/08 09:41:34,2018/05/08 09:42:47,,about your prescribing - 1,fax@openprescribing.net,0.07
832098898,00441516431679,0,1,47,2018/05/08 09:41:34,2018/05/08 09:46:53,01516431679,about your prescribing - 1,fax@openprescribing.net,0.07
832098892,00442077041932,0,1,60,2018/05/08 09:41:33,2018/05/08 09:42:45,02077041932,about your prescribing - 1,fax@openprescribing.net,0.07
832098883,00441829752593,0,1,90,2018/05/08 09:41:32,2018/05/08 09:44:31,01829752593,about your prescribing - 1,fax@openprescribing.net,0.11
832098886,00442089054638,0,1,60,2018/05/08 09:41:32,2018/05/08 09:42:45,02089054638,about your prescribing - 1,fax@openprescribing.net,0.07
832098882,00442073726138,0,1,61,2018/05/08 09:41:31,2018/05/08 09:42:43,02073726138,about your prescribing - 1,fax@openprescribing.net,0.08
832097510,00441737770804,0,1,73,2018/05/08 09:36:06,2018/05/08 09:41:09,01737770804,about your prescribing - 1,fax@openprescribing.net,0.09
832097505,00441704897182,0,1,44,2018/05/08 09:36:05,2018/05/08 09:40:41,,about your prescribing - 1,fax@openprescribing.net,0.07
832097503,00441612256258,0,1,75,2018/05/08 09:36:04,2018/05/08 09:49:26,01612256258,about your prescribing - 1,fax@openprescribing.net,0.09
832097504,00441634334918,0,1,66,2018/05/08 09:36:04,2018/05/08 09:37:25,01634334918,about your prescribing - 1,fax@openprescribing.net,0.08
832097499,00441243813474,0,1,60,2018/05/08 09:36:03,2018/05/08 09:37:19,01243813474,about your prescribing - 1,fax@openprescribing.net,0.07
832097494,00441746780976,0,1,47,2018/05/08 09:36:02,2018/05/08 09:38:46,01746 780976,about your prescribing - 1,fax@openprescribing.net,0.07
832097491,00441590644950,0,1,53,2018/05/08 09:36:01,2018/05/08 09:44:58,01590 644950,about your prescribing - 1,fax@openprescribing.net,0.07
832097490,00441522682793,0,1,78,2018/05/08 09:36:00,2018/05/08 09:37:30,01522 682793,about your prescribing - 1,fax@openprescribing.net,0.09
832097487,00441403221999,0,1,50,2018/05/08 09:35:59,2018/05/08 09:37:01,01403221999,about your prescribing - 1,fax@openprescribing.net,0.07
832097486,00442087318257,0,1,47,2018/05/08 09:35:58,2018/05/08 09:41:45,02087318257,about your prescribing - 1,fax@openprescribing.net,0.07
832097480,00442077294048,0,1,72,2018/05/08 09:35:57,2018/05/08 09:37:22,02077294048,about your prescribing - 1,fax@openprescribing.net,0.08
832097479,00442083444840,0,1,49,2018/05/08 09:35:56,2018/05/08 09:40:46,02023444840,about your prescribing - 1,fax@openprescribing.net,0.07
832097478,00441842815221,8021,0,67,2018/05/08 09:35:55,2018/05/08 09:56:15,,about your prescribing - 1,fax@openprescribing.net,0.00
832097475,00441706888259,0,1,51,2018/05/08 09:35:54,2018/05/08 09:37:05,01706888259,about your prescribing - 1,fax@openprescribing.net,0.07
832097465,00441634334295,0,1,71,2018/05/08 09:35:53,2018/05/08 09:41:12,,about your prescribing - 1,fax@openprescribing.net,0.08
832097459,00441985847059,0,1,62,2018/05/08 09:35:52,2018/05/08 09:37:08,01985 847059,about your prescribing - 1,fax@openprescribing.net,0.08
832097461,00441889568164,0,1,81,2018/05/08 09:35:52,2018/05/08 09:37:31,,about your prescribing - 1,fax@openprescribing.net,0.10
832097458,00442073286529,0,1,55,2018/05/08 09:35:51,2018/05/08 09:37:19,020 7328 6529,about your prescribing - 1,fax@openprescribing.net,0.07
832097452,00442033714339,0,1,77,2018/05/08 09:35:50,2018/05/08 09:37:24,442033714339,about your prescribing - 1,fax@openprescribing.net,0.09
832097457,00442088960941,0,1,47,2018/05/08 09:35:50,2018/05/08 09:44:47,,about your prescribing - 1,fax@openprescribing.net,0.07
832097443,00441708471756,0,1,79,2018/05/08 09:35:49,2018/05/08 09:37:20,01708 471756+,about your prescribing - 1,fax@openprescribing.net,0.10
832097434,00442086504172,0,1,44,2018/05/08 09:35:48,2018/05/08 09:40:38,,about your prescribing - 1,fax@openprescribing.net,0.07
832097430,00442380399201,0,1,44,2018/05/08 09:35:47,2018/05/08 09:44:45,02380399201,about your prescribing - 1,fax@openprescribing.net,0.07
832097427,00442085599319,6017,0,2,2018/05/08 09:35:45,2018/05/08 09:48:03,,about your prescribing - 1,fax@openprescribing.net,0.00
832097422,00441449740903,0,1,44,2018/05/08 09:35:44,2018/05/08 09:36:40,01449740903,about your prescribing - 1,fax@openprescribing.net,0.07
832097417,00442084460073,0,1,41,2018/05/08 09:35:42,2018/05/08 09:38:14,SpanDSP Fax Ident,about your prescribing - 1,fax@openprescribing.net,0.07
832097413,00441288359595,0,1,45,2018/05/08 09:35:41,2018/05/08 09:40:38,,about your prescribing - 1,fax@openprescribing.net,0.07
832097409,00442073710101,0,1,49,2018/05/08 09:35:40,2018/05/08 09:37:47,,about your prescribing - 1,fax@openprescribing.net,0.07
832097408,00441516780676,0,1,51,2018/05/08 09:35:39,2018/05/08 09:49:05,,about your prescribing - 1,fax@openprescribing.net,0.07
832097407,00441452840072,0,1,46,2018/05/08 09:35:38,2018/05/08 09:40:45,01452840072,about your prescribing - 1,fax@openprescribing.net,0.07
832094862,00441516431676,0,1,55,2018/05/08 09:22:43,2018/05/08 09:23:51,,about your prescribing - 1,fax@openprescribing.net,0.07
832094859,00441223425078,0,1,61,2018/05/08 09:22:42,2018/05/08 09:23:56,01223425078,about your prescribing - 1,fax@openprescribing.net,0.08
832094860,00441603872895,0,1,87,2018/05/08 09:22:42,2018/05/08 09:28:11,01362 858466,about your prescribing - 1,fax@openprescribing.net,0.11
832094857,00442085180863,0,1,77,2018/05/08 09:22:41,2018/05/08 09:24:11,0208 518 0863+,about your prescribing - 1,fax@openprescribing.net,0.09
832094853,00441249443948,0,1,44,2018/05/08 09:22:40,2018/05/08 09:23:39,01249443948,about your prescribing - 1,fax@openprescribing.net,0.07
832094856,00441789298742,0,1,56,2018/05/08 09:22:40,2018/05/08 09:23:49,01789 298942,about your prescribing - 1,fax@openprescribing.net,0.07
832094852,00441708451408,0,1,59,2018/05/08 09:22:39,2018/05/08 09:24:57,02089848619,about your prescribing - 1,fax@openprescribing.net,0.07
832094850,00441775843090,6017,0,4,2018/05/08 09:22:38,2018/05/08 09:34:43,,about your prescribing - 1,fax@openprescribing.net,0.00
832094851,00441275817516,0,1,45,2018/05/08 09:22:38,2018/05/08 09:23:41,01275817516,about your prescribing - 1,fax@openprescribing.net,0.07
832094849,00441793521234,0,1,62,2018/05/08 09:22:37,2018/05/08 09:23:56,01793521234,about your prescribing - 1,fax@openprescribing.net,0.08
832094846,00441617400524,0,1,60,2018/05/08 09:22:36,2018/05/08 09:31:43,01617400524,about your prescribing - 1,fax@openprescribing.net,0.07
832094843,00441362821189,6017,0,4,2018/05/08 09:22:35,2018/05/08 09:35:22,,about your prescribing - 1,fax@openprescribing.net,0.00
832094844,00441903859986,0,1,49,2018/05/08 09:22:35,2018/05/08 09:23:38,+441903859986,about your prescribing - 1,fax@openprescribing.net,0.07
832094842,00441257514150,0,1,54,2018/05/08 09:22:34,2018/05/08 09:23:38,LancashireCSU,about your prescribing - 1,fax@openprescribing.net,0.07
832094839,00441354695415,0,1,60,2018/05/08 09:22:33,2018/05/08 09:23:47,01354695415,about your prescribing - 1,fax@openprescribing.net,0.07
832094829,00441457766429,0,1,73,2018/05/08 09:22:32,2018/05/08 09:23:55,,about your prescribing - 1,fax@openprescribing.net,0.09
832094832,00441489894402,0,1,66,2018/05/08 09:22:32,2018/05/08 09:27:55,01489894402,about your prescribing - 1,fax@openprescribing.net,0.08
832094827,00441642488701,8021,0,67,2018/05/08 09:22:31,2018/05/08 09:41:58,,about your prescribing - 1,fax@openprescribing.net,0.00
832094825,00441403785505,0,1,46,2018/05/08 09:22:30,2018/05/08 09:35:35,01403785505,about your prescribing - 1,fax@openprescribing.net,0.07
832094823,00441672870664,0,1,43,2018/05/08 09:22:29,2018/05/08 09:28:37,+441672 870664,about your prescribing - 1,fax@openprescribing.net,0.07
832094814,00442083320026,0,1,71,2018/05/08 09:22:28,2018/05/08 09:27:59,020 8332 0026,about your prescribing - 1,fax@openprescribing.net,0.08
832094811,00441865893509,0,1,45,2018/05/08 09:22:27,2018/05/08 09:27:33,01865893509,about your prescribing - 1,fax@openprescribing.net,0.07
832094812,00441634810814,0,1,50,2018/05/08 09:22:27,2018/05/08 09:27:37,,about your prescribing - 1,fax@openprescribing.net,0.07
832094808,00442083462655,0,1,60,2018/05/08 09:22:26,2018/05/08 09:23:53,02083462655,about your prescribing - 1,fax@openprescribing.net,0.07
832094799,00441603701942,0,1,47,2018/05/08 09:22:25,2018/05/08 09:24:27,01603701942,about your prescribing - 1,fax@openprescribing.net,0.07
832094805,00441923204240,0,1,54,2018/05/08 09:22:25,2018/05/08 09:23:46,01923204240,about your prescribing - 1,fax@openprescribing.net,0.07
832094797,00441516370370,0,1,78,2018/05/08 09:22:24,2018/05/08 09:36:05,+44 151 6370370,about your prescribing - 1,fax@openprescribing.net,0.09
832094795,00441472875139,0,1,44,2018/05/08 09:22:23,2018/05/08 09:29:06,,about your prescribing - 1,fax@openprescribing.net,0.07
832094788,00441895812875,0,1,75,2018/05/08 09:22:22,2018/05/08 09:28:00,00441895812875+,about your prescribing - 1,fax@openprescribing.net,0.09
832094792,00442073797224,0,1,68,2018/05/08 09:22:22,2018/05/08 09:28:01,,about your prescribing - 1,fax@openprescribing.net,0.08
832094783,00441474333629,0,1,49,2018/05/08 09:22:21,2018/05/08 09:23:25,01474 333629,about your prescribing - 1,fax@openprescribing.net,0.07
832094781,00441273564626,0,1,45,2018/05/08 09:22:20,2018/05/08 09:27:28,01273564626,about your prescribing - 1,fax@openprescribing.net,0.07
832094778,00441772529089,0,1,54,2018/05/08 09:22:19,2018/05/08 09:23:37,LancashireCSU,about your prescribing - 1,fax@openprescribing.net,0.07
832094779,00441453833833,0,1,61,2018/05/08 09:22:19,2018/05/08 09:23:46,01453833833,about your prescribing - 1,fax@openprescribing.net,0.08
832094772,00442085594456,0,1,46,2018/05/08 09:22:18,2018/05/08 09:27:29,020852,about your prescribing - 1,fax@openprescribing.net,0.07
832094764,00441474546688,0,1,50,2018/05/08 09:22:17,2018/05/08 09:23:20,,about your prescribing - 1,fax@openprescribing.net,0.07
832094757,00442074766616,0,1,47,2018/05/08 09:22:16,2018/05/08 09:28:38,02074766616,about your prescribing - 1,fax@openprescribing.net,0.07
832094747,00442085087895,0,1,45,2018/05/08 09:22:15,2018/05/08 09:27:28,208 0508 7895,about your prescribing - 1,fax@openprescribing.net,0.07
832094752,00441603403074,0,1,45,2018/05/08 09:22:15,2018/05/08 09:23:11,01603403074,about your prescribing - 1,fax@openprescribing.net,0.07
832094738,00441702522696,0,1,44,2018/05/08 09:22:14,2018/05/08 09:27:26,01702522696,about your prescribing - 1,fax@openprescribing.net,0.07
832094727,00441784244145,0,1,72,2018/05/08 09:22:13,2018/05/08 09:27:51,01784244145,about your prescribing - 1,fax@openprescribing.net,0.08
832094732,00441503266964,8010,0,12,2018/05/08 09:22:13,2018/05/08 09:38:12,,about your prescribing - 1,fax@openprescribing.net,0.00
832094721,00441708345386,0,1,45,2018/05/08 09:22:12,2018/05/08 09:27:21,,about your prescribing - 1,fax@openprescribing.net,0.07
832094717,00441902402247,0,1,46,2018/05/08 09:22:11,2018/05/08 09:27:26,01902402247,about your prescribing - 1,fax@openprescribing.net,0.07
832094708,00441179466210,0,1,60,2018/05/08 09:22:10,2018/05/08 09:23:28,01179466210,about your prescribing - 1,fax@openprescribing.net,0.07
832094711,00442085504300,0,1,83,2018/05/08 09:22:10,2018/05/08 09:23:45,02085504300,about your prescribing - 1,fax@openprescribing.net,0.10
832094705,00441869320314,0,1,61,2018/05/08 09:22:09,2018/05/08 09:27:52,,about your prescribing - 1,fax@openprescribing.net,0.08
832094704,00442087478968,0,1,44,2018/05/08 09:22:08,2018/05/08 09:27:25,,about your prescribing - 1,fax@openprescribing.net,0.07
832094697,00441522695666,0,1,47,2018/05/08 09:22:07,2018/05/08 09:27:28,,about your prescribing - 1,fax@openprescribing.net,0.07
832094700,00441912970799,0,1,46,2018/05/08 09:22:07,2018/05/08 09:31:29,,about your prescribing - 1,fax@openprescribing.net,0.07
832094696,00441268795605,0,1,46,2018/05/08 09:22:06,2018/05/08 09:27:29,,about your prescribing - 1,fax@openprescribing.net,0.07
832094694,00441787278628,0,1,77,2018/05/08 09:22:05,2018/05/08 09:27:59,01787278628,about your prescribing - 1,fax@openprescribing.net,0.09
832094683,00441223728901,0,1,44,2018/05/08 09:22:04,2018/05/08 09:27:25,01223728901,about your prescribing - 1,fax@openprescribing.net,0.07
832094690,00442089306260,0,1,61,2018/05/08 09:22:04,2018/05/08 09:23:26,,about your prescribing - 1,fax@openprescribing.net,0.08
832094680,00441753891933,0,1,47,2018/05/08 09:22:03,2018/05/08 09:23:05,01753891933,about your prescribing - 1,fax@openprescribing.net,0.07
832094673,00441793342011,0,1,44,2018/05/08 09:22:02,2018/05/08 09:24:29,,about your prescribing - 1,fax@openprescribing.net,0.07
832094678,00441277315816,0,1,45,2018/05/08 09:22:02,2018/05/08 09:27:27,,about your prescribing - 1,fax@openprescribing.net,0.07
832094669,00441332777078,0,1,99,2018/05/08 09:22:01,2018/05/08 09:28:25,01332777078,about your prescribing - 1,fax@openprescribing.net,0.12
832094664,00441142642277,0,1,48,2018/05/08 09:22:00,2018/05/08 09:22:58,01142642277,about your prescribing - 1,fax@openprescribing.net,0.07
832094657,00442075610117,0,1,47,2018/05/08 09:21:59,2018/05/08 09:27:32,02074856506,about your prescribing - 1,fax@openprescribing.net,0.07
832094659,00441303220914,0,1,61,2018/05/08 09:21:59,2018/05/08 09:23:20,,about your prescribing - 1,fax@openprescribing.net,0.08
832094654,00441449614535,0,1,46,2018/05/08 09:21:58,2018/05/08 09:22:53,01449614535,about your prescribing - 1,fax@openprescribing.net,0.07
832094647,00441353777765,0,1,60,2018/05/08 09:21:57,2018/05/08 09:26:37,01353777765,about your prescribing - 1,fax@openprescribing.net,0.07
832094651,00441516089249,0,1,78,2018/05/08 09:21:57,2018/05/08 09:23:31,01516089249,about your prescribing - 1,fax@openprescribing.net,0.09
832094646,00442085424480,0,1,41,2018/05/08 09:21:56,2018/05/08 09:26:22,,about your prescribing - 1,fax@openprescribing.net,0.07
832094645,00441642724575,0,1,60,2018/05/08 09:21:55,2018/05/08 09:23:08,,about your prescribing - 1,fax@openprescribing.net,0.07
832094642,00441642470885,0,1,47,2018/05/08 09:21:54,2018/05/08 09:22:59,Fax Server,about your prescribing - 1,fax@openprescribing.net,0.07
832094644,00442079785119,0,1,46,2018/05/08 09:21:54,2018/05/08 09:26:37,02079785119,about your prescribing - 1,fax@openprescribing.net,0.07
832094637,00441634332177,8021,0,67,2018/05/08 09:21:53,2018/05/08 09:41:57,,about your prescribing - 1,fax@openprescribing.net,0.00
832094634,00441296640021,0,1,47,2018/05/08 09:21:52,2018/05/08 09:27:31,,about your prescribing - 1,fax@openprescribing.net,0.07
832094635,00442476339856,0,1,45,2018/05/08 09:21:52,2018/05/08 09:23:50,,about your prescribing - 1,fax@openprescribing.net,0.07
832094632,00442085677950,0,1,71,2018/05/08 09:21:51,2018/05/08 09:26:56,,about your prescribing - 1,fax@openprescribing.net,0.08
832094631,00442082031682,0,1,82,2018/05/08 09:21:50,2018/05/08 09:28:06,,about your prescribing - 1,fax@openprescribing.net,0.10
832094623,00442083658890,0,1,44,2018/05/08 09:21:49,2018/05/08 09:32:47,02083658890,about your prescribing - 1,fax@openprescribing.net,0.07
832094626,00441243779188,0,1,45,2018/05/08 09:21:49,2018/05/08 09:27:39,,about your prescribing - 1,fax@openprescribing.net,0.07
832094621,00441892823157,0,1,56,2018/05/08 09:21:48,2018/05/08 09:27:37,01892823157,about your prescribing - 1,fax@openprescribing.net,0.07
832094618,00441274883256,0,1,48,2018/05/08 09:21:47,2018/05/08 09:22:46,,about your prescribing - 1,fax@openprescribing.net,0.07
832094607,00441822833757,0,1,72,2018/05/08 09:21:46,2018/05/08 09:24:24,01822833757,about your prescribing - 1,fax@openprescribing.net,0.08
832094615,00441225706075,0,1,57,2018/05/08 09:21:46,2018/05/08 09:22:57,,about your prescribing - 1,fax@openprescribing.net,0.07
832094605,00441322359542,8021,0,67,2018/05/08 09:21:45,2018/05/08 09:41:59,,about your prescribing - 1,fax@openprescribing.net,0.00
832094602,00441672811329,0,1,59,2018/05/08 09:21:44,2018/05/08 09:22:56,,about your prescribing - 1,fax@openprescribing.net,0.07
832094600,00441905794098,0,1,60,2018/05/08 09:21:43,2018/05/08 09:22:53,01905794098,about your prescribing - 1,fax@openprescribing.net,0.07
832094595,00441142654684,0,1,79,2018/05/08 09:21:42,2018/05/08 09:23:15,0114 2654684,about your prescribing - 1,fax@openprescribing.net,0.10
832094599,00441726815783,0,1,60,2018/05/08 09:21:42,2018/05/08 09:22:51,01726817237,about your prescribing - 1,fax@openprescribing.net,0.07
832094594,00441702291282,0,1,63,2018/05/08 09:21:41,2018/05/08 09:23:13,,about your prescribing - 1,fax@openprescribing.net,0.08
832094593,00442031120808,0,1,47,2018/05/08 09:21:40,2018/05/08 09:26:36,,about your prescribing - 1,fax@openprescribing.net,0.07
832094589,00442088870003,0,1,44,2018/05/08 09:21:39,2018/05/08 09:27:24,,about your prescribing - 1,fax@openprescribing.net,0.07
832094592,00441736786288,0,1,71,2018/05/08 09:21:39,2018/05/08 09:27:00,01736 786288,about your prescribing - 1,fax@openprescribing.net,0.08
832094588,00442088830194,0,1,100,2018/05/08 09:21:38,2018/05/08 09:23:31,02088830194,about your prescribing - 1,fax@openprescribing.net,0.12
832094586,00441485518725,0,1,59,2018/05/08 09:21:37,2018/05/08 09:22:47,,about your prescribing - 1,fax@openprescribing.net,0.07
832094587,00441543687479,0,1,75,2018/05/08 09:21:37,2018/05/08 09:27:04,,about your prescribing - 1,fax@openprescribing.net,0.09
832094585,00441206869047,0,1,51,2018/05/08 09:21:36,2018/05/08 09:23:37,01206869047,about your prescribing - 1,fax@openprescribing.net,0.07
832094581,00441619809215,0,1,48,2018/05/08 09:21:35,2018/05/08 09:26:33,01619809215,about your prescribing - 1,fax@openprescribing.net,0.07
832094577,00441162950525,0,1,77,2018/05/08 09:21:34,2018/05/08 09:24:20,01162950525,about your prescribing - 1,fax@openprescribing.net,0.09
832094575,00442075172629,8021,0,67,2018/05/08 09:21:33,2018/05/08 09:42:00,,about your prescribing - 1,fax@openprescribing.net,0.00
832094571,00442083900371,0,1,49,2018/05/08 09:21:32,2018/05/08 09:28:04,02083900371,about your prescribing - 1,fax@openprescribing.net,0.07
832094573,00441612125060,0,1,61,2018/05/08 09:21:32,2018/05/08 09:22:45,01612125060,about your prescribing - 1,fax@openprescribing.net,0.08
832094565,00441886880037,0,1,71,2018/05/08 09:21:31,2018/05/08 09:26:56,,about your prescribing - 1,fax@openprescribing.net,0.08
832094563,00441516259499,0,1,61,2018/05/08 09:21:30,2018/05/08 09:22:43,01516259499,about your prescribing - 1,fax@openprescribing.net,0.08
832094560,00442085594149,0,1,46,2018/05/08 09:21:29,2018/05/08 09:22:23,,about your prescribing - 1,fax@openprescribing.net,0.07
832094562,00441214756179,0,1,61,2018/05/08 09:21:29,2018/05/08 09:22:43,,about your prescribing - 1,fax@openprescribing.net,0.08
832094555,00441616205679,6017,0,3,2018/05/08 09:21:28,2018/05/08 09:33:46,,about your prescribing - 1,fax@openprescribing.net,0.00
832094548,00441293562955,0,1,50,2018/05/08 09:21:27,2018/05/08 09:26:36,,about your prescribing - 1,fax@openprescribing.net,0.07
832094549,00441590682226,6001,0,3,2018/05/08 09:21:27,2018/05/08 09:33:43,,about your prescribing - 1,fax@openprescribing.net,0.00
832094545,00442073856289,0,1,57,2018/05/08 09:21:26,2018/05/08 09:26:38,,about your prescribing - 1,fax@openprescribing.net,0.07
832094540,00441513427706,0,1,50,2018/05/08 09:21:24,2018/05/08 09:22:33,heswall&pensbygp,about your prescribing - 1,fax@openprescribing.net,0.07
832094544,00441142343113,0,1,60,2018/05/08 09:21:24,2018/05/08 09:22:39,,about your prescribing - 1,fax@openprescribing.net,0.07
832094539,00448444773089,0,1,54,2018/05/08 09:21:23,2018/05/08 09:23:50,01277843001,about your prescribing - 1,fax@openprescribing.net,0.21
832094538,00442088789620,0,1,61,2018/05/08 09:21:22,2018/05/08 09:26:48,02089789620,about your prescribing - 1,fax@openprescribing.net,0.08
832094537,00441842828172,0,1,67,2018/05/08 09:21:21,2018/05/08 09:26:47,01842828172,about your prescribing - 1,fax@openprescribing.net,0.08
832094534,00441708620039,0,1,46,2018/05/08 09:21:20,2018/05/08 09:26:28,01708620039,about your prescribing - 1,fax@openprescribing.net,0.07
832094530,00442078350979,0,1,75,2018/05/08 09:21:19,2018/05/08 09:26:59,,about your prescribing - 1,fax@openprescribing.net,0.09
832094531,00441797369880,0,1,67,2018/05/08 09:21:19,2018/05/08 09:30:54,01797 369880,about your prescribing - 1,fax@openprescribing.net,0.08
832094527,00441299270482,0,1,50,2018/05/08 09:21:18,2018/05/08 09:23:14,,about your prescribing - 1,fax@openprescribing.net,0.07
832094526,00442085276583,0,1,46,2018/05/08 09:21:17,2018/05/08 09:26:28,,about your prescribing - 1,fax@openprescribing.net,0.07
832094523,00441995671054,0,1,67,2018/05/08 09:21:16,2018/05/08 09:26:54,GT.Ecc.Health Centre,about your prescribing - 1,fax@openprescribing.net,0.08
832094516,00442088014179,8021,0,67,2018/05/08 09:21:15,2018/05/08 09:41:00,,about your prescribing - 1,fax@openprescribing.net,0.00
832094515,00442086303568,0,1,102,2018/05/08 09:21:14,2018/05/08 09:27:22,02086303568,about your prescribing - 1,fax@openprescribing.net,0.12
832094510,00441279621799,0,1,50,2018/05/08 09:21:13,2018/05/08 09:22:16,01279621799,about your prescribing - 1,fax@openprescribing.net,0.07
832094503,00441473788386,0,1,44,2018/05/08 09:21:12,2018/05/08 09:30:31,,about your prescribing - 1,fax@openprescribing.net,0.07
832094492,00441257514004,0,1,50,2018/05/08 09:21:11,2018/05/08 09:22:20,LancashireCSU,about your prescribing - 1,fax@openprescribing.net,0.07
832094496,00441494565165,0,1,47,2018/05/08 09:21:11,2018/05/08 09:22:06,01494565165,about your prescribing - 1,fax@openprescribing.net,0.07
832094490,00441769579312,0,1,70,2018/05/08 09:21:10,2018/05/08 09:22:34,,about your prescribing - 1,fax@openprescribing.net,0.08
832094488,00441673844388,0,1,58,2018/05/08 09:21:09,2018/05/08 09:22:22,,about your prescribing - 1,fax@openprescribing.net,0.07
832094486,00441483453232,0,1,138,2018/05/08 09:21:08,2018/05/08 09:23:40,,about your prescribing - 1,fax@openprescribing.net,0.16
832094483,00442088592036,0,1,78,2018/05/08 09:21:07,2018/05/08 09:26:57,020 8859 2036,about your prescribing - 1,fax@openprescribing.net,0.09
832094484,00441322555449,0,1,60,2018/05/08 09:21:07,2018/05/08 09:22:19,,about your prescribing - 1,fax@openprescribing.net,0.07
832094482,00441394387632,0,1,46,2018/05/08 09:21:06,2018/05/08 09:26:27,01394387632,about your prescribing - 1,fax@openprescribing.net,0.07
832094480,00441638743948,0,1,70,2018/05/08 09:21:05,2018/05/08 09:30:51,,about your prescribing - 1,fax@openprescribing.net,0.08
832094473,00441992471160,0,1,78,2018/05/08 09:21:04,2018/05/08 09:26:58,01992 471160,about your prescribing - 1,fax@openprescribing.net,0.09
832094478,00441512959031,0,1,46,2018/05/08 09:21:04,2018/05/08 09:27:47,2959031,about your prescribing - 1,fax@openprescribing.net,0.07
832094472,00442085002139,0,1,72,2018/05/08 09:21:03,2018/05/08 09:26:54,02084911598,about your prescribing - 1,fax@openprescribing.net,0.08
832094471,00441572821145,6017,0,4,2018/05/08 09:21:02,2018/05/08 09:37:52,,about your prescribing - 1,fax@openprescribing.net,0.00
832094466,00441603477747,0,1,67,2018/05/08 09:21:01,2018/05/08 09:22:18,,about your prescribing - 1,fax@openprescribing.net,0.08
832094468,00441214462015,0,1,107,2018/05/08 09:21:01,2018/05/08 09:24:19,01214462015,about your prescribing - 1,fax@openprescribing.net,0.13
832094464,00442380620679,0,1,72,2018/05/08 09:21:00,2018/05/08 09:26:53,02380620679,about your prescribing - 1,fax@openprescribing.net,0.08
832094457,00441617758411,0,1,78,2018/05/08 09:20:59,2018/05/08 09:22:32,01617758411,about your prescribing - 1,fax@openprescribing.net,0.09
832094460,00441702437015,0,1,78,2018/05/08 09:20:59,2018/05/08 09:26:58,01702437015,about your prescribing - 1,fax@openprescribing.net,0.09
832094455,00441362698347,8021,0,67,2018/05/08 09:20:58,2018/05/08 09:41:03,,about your prescribing - 1,fax@openprescribing.net,0.00
832094449,00448444778591,0,1,55,2018/05/08 09:20:57,2018/05/08 09:22:43,,about your prescribing - 1,fax@openprescribing.net,0.21
832094453,00448444994233,6016,0,16,2018/05/08 09:20:57,2018/05/08 09:33:55,,about your prescribing - 1,fax@openprescribing.net,0.00
832094444,00441689857122,0,1,66,2018/05/08 09:20:56,2018/05/08 09:22:15,01689857122,about your prescribing - 1,fax@openprescribing.net,0.08
832094442,00441453540575,0,1,108,2018/05/08 09:20:55,2018/05/08 09:27:27,01453540575,about your prescribing - 1,fax@openprescribing.net,0.13
832094438,00441209831885,0,1,67,2018/05/08 09:20:54,2018/05/08 09:22:18,,about your prescribing - 1,fax@openprescribing.net,0.08
832094440,00441273776933,0,1,47,2018/05/08 09:20:54,2018/05/08 09:29:30,01273776933,about your prescribing - 1,fax@openprescribing.net,0.07
832094437,00442088108015,0,1,91,2018/05/08 09:20:53,2018/05/08 09:27:11,,about your prescribing - 1,fax@openprescribing.net,0.11
832094434,00442089054657,0,1,44,2018/05/08 09:20:52,2018/05/08 09:26:21,,about your prescribing - 1,fax@openprescribing.net,0.07
832094431,00441214864201,0,1,67,2018/05/08 09:20:51,2018/05/08 09:26:57,,about your prescribing - 1,fax@openprescribing.net,0.08
832094433,00441737370954,0,1,45,2018/05/08 09:20:51,2018/05/08 09:21:46,,about your prescribing - 1,fax@openprescribing.net,0.07
832094428,00441243379080,6017,0,3,2018/05/08 09:20:50,2018/05/08 09:32:42,,about your prescribing - 1,fax@openprescribing.net,0.00
832094427,00442073843153,0,1,47,2018/05/08 09:20:49,2018/05/08 09:25:26,,about your prescribing - 1,fax@openprescribing.net,0.07
832094415,00441223566450,0,1,50,2018/05/08 09:20:48,2018/05/08 09:25:32,nuffield,about your prescribing - 1,fax@openprescribing.net,0.07
832094421,00441514952925,0,1,61,2018/05/08 09:20:48,2018/05/08 09:22:01,01514952925,about your prescribing - 1,fax@openprescribing.net,0.08
832094414,00441733206210,0,1,65,2018/05/08 09:20:47,2018/05/08 09:22:09,,about your prescribing - 1,fax@openprescribing.net,0.08
832094408,00442089640353,0,1,72,2018/05/08 09:20:46,2018/05/08 09:25:53,02089640353,about your prescribing - 1,fax@openprescribing.net,0.08
832094411,00441803290603,0,1,45,2018/05/08 09:20:46,2018/05/08 09:25:24,01803290603,about your prescribing - 1,fax@openprescribing.net,0.07
832094398,00441513551037,0,1,44,2018/05/08 09:20:44,2018/05/08 09:26:38,01513551037,about your prescribing - 1,fax@openprescribing.net,0.07
832094403,00441845524508,0,1,46,2018/05/08 09:20:44,2018/05/08 09:25:27,,about your prescribing - 1,fax@openprescribing.net,0.07
832094396,00442088789620,0,1,61,2018/05/08 09:20:43,2018/05/08 09:21:54,02089789620,about your prescribing - 1,fax@openprescribing.net,0.08
832094393,00441733244645,0,1,78,2018/05/08 09:20:42,2018/05/08 09:26:01,01733244645,about your prescribing - 1,fax@openprescribing.net,0.09
832094395,00442084290251,6017,0,3,2018/05/08 09:20:42,2018/05/08 09:32:42,,about your prescribing - 1,fax@openprescribing.net,0.00
832094388,00442089685933,0,1,78,2018/05/08 09:20:41,2018/05/08 09:25:59,02089685933,about your prescribing - 1,fax@openprescribing.net,0.09
832094378,00441386422884,0,1,51,2018/05/08 09:20:40,2018/05/08 09:23:25,,about your prescribing - 1,fax@openprescribing.net,0.07
832094374,00441763249197,0,1,47,2018/05/08 09:20:39,2018/05/08 09:25:28,01763 249197,about your prescribing - 1,fax@openprescribing.net,0.07
832094369,00441767603707,0,1,45,2018/05/08 09:20:38,2018/05/08 09:25:29,01767 603707,about your prescribing - 1,fax@openprescribing.net,0.07
832094366,00441480891787,8021,0,67,2018/05/08 09:20:37,2018/05/08 09:41:02,,about your prescribing - 1,fax@openprescribing.net,0.00
832094354,00441255475687,0,1,60,2018/05/08 09:20:36,2018/05/08 09:21:50,,about your prescribing - 1,fax@openprescribing.net,0.07
832094350,00442088932623,0,1,48,2018/05/08 09:20:35,2018/05/08 09:22:55,02088932623,about your prescribing - 1,fax@openprescribing.net,0.07
832094347,00441604890143,0,1,56,2018/05/08 09:20:34,2018/05/08 09:21:45,01604 890143,about your prescribing - 1,fax@openprescribing.net,0.07
832094343,00441205870971,0,1,55,2018/05/08 09:20:33,2018/05/08 09:25:38,01205870971,about your prescribing - 1,fax@openprescribing.net,0.07
832094346,00441276470289,0,1,50,2018/05/08 09:20:33,2018/05/08 09:21:41,,about your prescribing - 1,fax@openprescribing.net,0.07
832094339,00441304372864,8021,0,67,2018/05/08 09:20:32,2018/05/08 09:39:58,,about your prescribing - 1,fax@openprescribing.net,0.00
832094334,00441273682408,0,1,44,2018/05/08 09:20:31,2018/05/08 09:28:22,01273682408,about your prescribing - 1,fax@openprescribing.net,0.07
832094329,00441945700915,0,1,46,2018/05/08 09:20:30,2018/05/08 09:21:51,01945700915,about your prescribing - 1,fax@openprescribing.net,0.07
832094319,00441618617796,0,1,47,2018/05/08 09:20:29,2018/05/08 09:21:26,01618617796,about your prescribing - 1,fax@openprescribing.net,0.07
832094325,00441603872995,0,1,62,2018/05/08 09:20:29,2018/05/08 09:21:48,,about your prescribing - 1,fax@openprescribing.net,0.08
832094310,00442088074117,0,1,60,2018/05/08 09:20:28,2018/05/08 09:21:40,08444997058,about your prescribing - 1,fax@openprescribing.net,0.07
832094305,00441895834704,0,1,77,2018/05/08 09:20:27,2018/05/08 09:21:55,01895834704,about your prescribing - 1,fax@openprescribing.net,0.09
832094300,00442380667090,0,1,50,2018/05/08 09:20:26,2018/05/08 09:21:34,023 8066 7090,about your prescribing - 1,fax@openprescribing.net,0.07
832094294,00441303265861,0,1,76,2018/05/08 09:20:25,2018/05/08 09:26:01,,about your prescribing - 1,fax@openprescribing.net,0.09
832094296,00442089834098,0,1,90,2018/05/08 09:20:25,2018/05/08 09:26:14,,about your prescribing - 1,fax@openprescribing.net,0.11
832094286,00441788522884,0,1,90,2018/05/08 09:20:24,2018/05/08 09:23:23,522884,about your prescribing - 1,fax@openprescribing.net,0.11
832094282,00441584819734,0,1,61,2018/05/08 09:20:23,2018/05/08 09:21:42,01584 819734,about your prescribing - 1,fax@openprescribing.net,0.08
832094276,00441344862203,0,1,48,2018/05/08 09:20:22,2018/05/08 09:25:32,,about your prescribing - 1,fax@openprescribing.net,0.07
832094261,00442083439122,0,1,59,2018/05/08 09:20:20,2018/05/08 09:21:30,Magrathea,about your prescribing - 1,fax@openprescribing.net,0.07
832094266,00441617478841,0,1,110,2018/05/08 09:20:20,2018/05/08 09:22:23,,about your prescribing - 1,fax@openprescribing.net,0.13
832094251,00441285831679,0,1,53,2018/05/08 09:20:18,2018/05/08 09:25:33,01285 831679,about your prescribing - 1,fax@openprescribing.net,0.07
832094244,00442476312311,0,1,60,2018/05/08 09:20:17,2018/05/08 09:21:34,,about your prescribing - 1,fax@openprescribing.net,0.07
832094229,00441895823755,0,1,48,2018/05/08 09:20:16,2018/05/08 09:29:28,0189582375,about your prescribing - 1,fax@openprescribing.net,0.07
832094237,00441923840534,0,1,70,2018/05/08 09:20:16,2018/05/08 09:21:49,,about your prescribing - 1,fax@openprescribing.net,0.08
832094224,00442072335995,0,1,60,2018/05/08 09:20:15,2018/05/08 09:21:27,,about your prescribing - 1,fax@openprescribing.net,0.07
832094218,00441628775900,6017,0,4,2018/05/08 09:20:14,2018/05/08 09:32:46,,about your prescribing - 1,fax@openprescribing.net,0.00
832094210,00442086753800,8021,0,67,2018/05/08 09:20:13,2018/05/08 09:37:54,,about your prescribing - 1,fax@openprescribing.net,0.00
832094202,00442073527105,0,1,84,2018/05/08 09:20:12,2018/05/08 09:26:07,,about your prescribing - 1,fax@openprescribing.net,0.10
832094205,00441642851176,0,1,86,2018/05/08 09:20:12,2018/05/08 09:31:11,,about your prescribing - 1,fax@openprescribing.net,0.11
832094200,00441789414721,0,1,45,2018/05/08 09:20:11,2018/05/08 09:25:22,01789414721,about your prescribing - 1,fax@openprescribing.net,0.07
832094196,00441582499640,0,1,52,2018/05/08 09:20:10,2018/05/08 09:22:24,01582499640,about your prescribing - 1,fax@openprescribing.net,0.07
832094182,00441522703132,3224,0,16,2018/05/08 09:20:09,2018/05/08 09:37:25,,about your prescribing - 1,fax@openprescribing.net,0.00
832094191,00441733201779,0,1,46,2018/05/08 09:20:09,2018/05/08 09:21:05,01733201779,about your prescribing - 1,fax@openprescribing.net,0.07
832094176,00441455828994,0,1,45,2018/05/08 09:20:08,2018/05/08 09:25:24,01455828994,about your prescribing - 1,fax@openprescribing.net,0.07
832094174,00442089034850,0,1,52,2018/05/08 09:20:07,2018/05/08 09:25:31,,about your prescribing - 1,fax@openprescribing.net,0.07
832094166,00441524762470,0,1,71,2018/05/08 09:20:06,2018/05/08 09:33:59,,about your prescribing - 1,fax@openprescribing.net,0.08
832094171,00442073705970,0,1,61,2018/05/08 09:20:06,2018/05/08 09:21:21,02072446617,about your prescribing - 1,fax@openprescribing.net,0.08
832094158,00441619629662,0,1,65,2018/05/08 09:20:05,2018/05/08 09:31:52,01619629662,about your prescribing - 1,fax@openprescribing.net,0.08
832094152,00441403730660,8010,0,49,2018/05/08 09:20:04,2018/05/08 09:34:32,01403730660,about your prescribing - 1,fax@openprescribing.net,0.00
832094146,00441235770727,0,1,79,2018/05/08 09:20:03,2018/05/08 09:21:39,01235770727,about your prescribing - 1,fax@openprescribing.net,0.10
832094149,00442088594737,0,1,60,2018/05/08 09:20:03,2018/05/08 09:21:23,,about your prescribing - 1,fax@openprescribing.net,0.07
832094145,00442085928182,0,1,46,2018/05/08 09:20:02,2018/05/08 09:25:31,,about your prescribing - 1,fax@openprescribing.net,0.07
832094144,00441616213889,0,1,38,2018/05/08 09:20:01,2018/05/08 09:25:23,01616213889,about your prescribing - 1,fax@openprescribing.net,0.07
832094140,00442085555350,6001,0,3,2018/05/08 09:20:00,2018/05/08 09:32:45,,about your prescribing - 1,fax@openprescribing.net,0.00
832094135,00441634295131,0,1,60,2018/05/08 09:19:59,2018/05/08 09:21:08,,about your prescribing - 1,fax@openprescribing.net,0.07
832094129,00441243268693,0,1,44,2018/05/08 09:19:58,2018/05/08 09:20:49,01243268693,about your prescribing - 1,fax@openprescribing.net,0.07
832094133,00441242253524,0,1,60,2018/05/08 09:19:58,2018/05/08 09:21:06,,about your prescribing - 1,fax@openprescribing.net,0.07
832094128,00441255224617,0,1,52,2018/05/08 09:19:57,2018/05/08 09:27:07,01255224617,about your prescribing - 1,fax@openprescribing.net,0.07
832094126,00441225447776,0,1,45,2018/05/08 09:19:56,2018/05/08 09:20:55,01225447776,about your prescribing - 1,fax@openprescribing.net,0.07
832094122,00442089698880,0,1,60,2018/05/08 09:19:55,2018/05/08 09:21:20,Magrathea,about your prescribing - 1,fax@openprescribing.net,0.07
832094123,00441858462929,8021,0,67,2018/05/08 09:19:55,2018/05/08 09:36:54,,about your prescribing - 1,fax@openprescribing.net,0.00
832094120,00442072263375,0,1,96,2018/05/08 09:19:54,2018/05/08 09:22:01,,about your prescribing - 1,fax@openprescribing.net,0.11
832094119,00442083972280,0,1,49,2018/05/08 09:19:53,2018/05/08 09:21:41,02083972280,about your prescribing - 1,fax@openprescribing.net,0.07
832094115,00442033131104,6001,0,5,2018/05/08 09:19:52,2018/05/08 09:31:43,,about your prescribing - 1,fax@openprescribing.net,0.00
832094116,00441513439437,0,1,46,2018/05/08 09:19:52,2018/05/08 09:25:23,0151 3439437,about your prescribing - 1,fax@openprescribing.net,0.07
832094113,00441795879188,0,1,95,2018/05/08 09:19:51,2018/05/08 09:26:20,01795879188,about your prescribing - 1,fax@openprescribing.net,0.11
832094112,00441476552909,0,1,60,2018/05/08 09:19:50,2018/05/08 09:21:03,01476 552909,about your prescribing - 1,fax@openprescribing.net,0.07
832094103,00441403823017,0,1,81,2018/05/08 09:19:49,2018/05/08 09:31:03,+44 01403 823017,about your prescribing - 1,fax@openprescribing.net,0.10
832094110,00441652648398,0,1,44,2018/05/08 09:19:49,2018/05/08 09:26:32,,about your prescribing - 1,fax@openprescribing.net,0.07
832094100,00441617471997,0,1,72,2018/05/08 09:19:47,2018/05/08 09:21:13,01617471997,about your prescribing - 1,fax@openprescribing.net,0.08
832094099,00441132323202,0,1,51,2018/05/08 09:19:46,2018/05/08 09:25:32,011322323202,about your prescribing - 1,fax@openprescribing.net,0.07
832094089,00441508530700,0,1,54,2018/05/08 09:19:45,2018/05/08 09:21:49,01508530700,about your prescribing - 1,fax@openprescribing.net,0.07
832094093,00441928725677,0,1,72,2018/05/08 09:19:45,2018/05/08 09:24:54,01928725677,about your prescribing - 1,fax@openprescribing.net,0.08
832094087,00441892861462,0,1,60,2018/05/08 09:19:44,2018/05/08 09:21:06,01892 861462,about your prescribing - 1,fax@openprescribing.net,0.07
832094084,00441204462269,0,1,62,2018/05/08 09:19:43,2018/05/08 09:24:40,,about your prescribing - 1,fax@openprescribing.net,0.08
832094086,00442085188783,0,1,45,2018/05/08 09:19:43,2018/05/08 09:28:23,,about your prescribing - 1,fax@openprescribing.net,0.07
832094081,00441491411296,6017,0,3,2018/05/08 09:19:42,2018/05/08 09:32:11,,about your prescribing - 1,fax@openprescribing.net,0.00
832094076,00441795878120,0,1,109,2018/05/08 09:19:41,2018/05/08 09:22:30,,about your prescribing - 1,fax@openprescribing.net,0.13
832094077,00442089419068,0,1,61,2018/05/08 09:19:41,2018/05/08 09:20:53,02089419068,about your prescribing - 1,fax@openprescribing.net,0.08
832094075,00442079231616,0,1,85,2018/05/08 09:19:40,2018/05/08 09:25:04,02079231616,about your prescribing - 1,fax@openprescribing.net,0.11
832094074,00441474568861,8021,0,67,2018/05/08 09:19:39,2018/05/08 09:39:57,,about your prescribing - 1,fax@openprescribing.net,0.00
832094068,00441795410539,0,1,72,2018/05/08 09:19:38,2018/05/08 09:28:50,01795410539,about your prescribing - 1,fax@openprescribing.net,0.08
832094071,00441268293350,8021,0,67,2018/05/08 09:19:38,2018/05/08 09:38:59,,about your prescribing - 1,fax@openprescribing.net,0.00
832094067,00441689609634,0,1,78,2018/05/08 09:19:37,2018/05/08 09:21:09,01689  609634,about your prescribing - 1,fax@openprescribing.net,0.09
832094062,00442089979429,0,1,46,2018/05/08 09:19:36,2018/05/08 09:24:27,02089979429,about your prescribing - 1,fax@openprescribing.net,0.07
832094063,00441517334922,0,1,60,2018/05/08 09:19:36,2018/05/08 09:20:50,01517334922,about your prescribing - 1,fax@openprescribing.net,0.07
832094060,00441268577999,0,1,44,2018/05/08 09:19:35,2018/05/08 09:20:32,,about your prescribing - 1,fax@openprescribing.net,0.07
832094053,00441732744206,0,1,44,2018/05/08 09:19:34,2018/05/08 09:32:34,,about your prescribing - 1,fax@openprescribing.net,0.07
832094054,00442086509819,0,1,49,2018/05/08 09:19:34,2018/05/08 09:20:43,02086509819,about your prescribing - 1,fax@openprescribing.net,0.07
832094051,00442088633303,0,1,77,2018/05/08 09:19:33,2018/05/08 09:21:00,02088633303,about your prescribing - 1,fax@openprescribing.net,0.09
832094049,00441472828357,0,1,51,2018/05/08 09:19:32,2018/05/08 09:21:41,01472828357,about your prescribing - 1,fax@openprescribing.net,0.07
832094045,00441794518668,0,1,44,2018/05/08 09:19:31,2018/05/08 09:24:25,,about your prescribing - 1,fax@openprescribing.net,0.07
832094047,00441376520312,0,1,45,2018/05/08 09:19:31,2018/05/08 09:20:56,01376520312,about your prescribing - 1,fax@openprescribing.net,0.07
832094042,00441772214927,0,1,49,2018/05/08 09:19:30,2018/05/08 09:20:56,LancashireCSU,about your prescribing - 1,fax@openprescribing.net,0.07
832094037,00441372451680,0,1,47,2018/05/08 09:19:29,2018/05/08 09:20:27,01372451680,about your prescribing - 1,fax@openprescribing.net,0.07
832094038,00441254391965,0,1,50,2018/05/08 09:19:29,2018/05/08 09:24:29,01254391965,about your prescribing - 1,fax@openprescribing.net,0.07
832094034,00442083814183,6100,0,8,2018/05/08 09:19:28,2018/05/08 09:35:22,,about your prescribing - 1,fax@openprescribing.net,0.00
832094028,00441223366088,0,1,81,2018/05/08 09:19:27,2018/05/08 09:26:38,01223366088,about your prescribing - 1,fax@openprescribing.net,0.10
832094024,00441255851005,0,1,46,2018/05/08 09:19:26,2018/05/08 09:24:33,,about your prescribing - 1,fax@openprescribing.net,0.07
832094022,00441204599817,0,1,46,2018/05/08 09:19:25,2018/05/08 09:32:42,01204599817,about your prescribing - 1,fax@openprescribing.net,0.07
832094020,00441613624014,0,1,50,2018/05/08 09:19:24,2018/05/08 09:21:20,0161 362 4004,about your prescribing - 1,fax@openprescribing.net,0.07
832094012,00442089306017,0,1,83,2018/05/08 09:19:23,2018/05/08 09:21:03,,about your prescribing - 1,fax@openprescribing.net,0.10
832094013,00441753552780,0,1,79,2018/05/08 09:19:23,2018/05/08 09:24:59,01753552780,about your prescribing - 1,fax@openprescribing.net,0.10
832094011,00441453521558,0,1,61,2018/05/08 09:19:22,2018/05/08 09:20:34,,about your prescribing - 1,fax@openprescribing.net,0.08
832094006,00448444773557,0,1,49,2018/05/08 09:19:21,2018/05/08 09:24:28,08444773557,about your prescribing - 1,fax@openprescribing.net,0.21
832094008,00441142680179,0,1,68,2018/05/08 09:19:21,2018/05/08 09:20:47,0114 2680176,about your prescribing - 1,fax@openprescribing.net,0.08
832094003,00441529305589,0,1,51,2018/05/08 09:19:20,2018/05/08 09:20:32,01529305589,about your prescribing - 1,fax@openprescribing.net,0.07
832094001,00442085605182,0,1,57,2018/05/08 09:19:19,2018/05/08 09:20:31,02085605182,about your prescribing - 1,fax@openprescribing.net,0.07
832094002,00442085591503,0,1,46,2018/05/08 09:19:19,2018/05/08 09:24:24,0208 559 1503,about your prescribing - 1,fax@openprescribing.net,0.07
832094000,00442084410550,0,1,46,2018/05/08 09:19:18,2018/05/08 09:28:27,02084410550+,about your prescribing - 1,fax@openprescribing.net,0.07
832093995,00442088416402,0,1,61,2018/05/08 09:19:17,2018/05/08 09:20:33,02088416402,about your prescribing - 1,fax@openprescribing.net,0.08
832093999,00442085396268,6001,0,3,2018/05/08 09:19:17,2018/05/08 09:31:42,,about your prescribing - 1,fax@openprescribing.net,0.00
832093994,00442085188728,0,1,45,2018/05/08 09:19:16,2018/05/08 09:20:29,,about your prescribing - 1,fax@openprescribing.net,0.07
832093988,00442084502319,0,1,59,2018/05/08 09:19:15,2018/05/08 09:24:37,02084502319,about your prescribing - 1,fax@openprescribing.net,0.07
832093977,00442380333008,0,1,61,2018/05/08 09:19:12,2018/05/08 09:20:24,,about your prescribing - 1,fax@openprescribing.net,0.08
832093982,00442086636070,0,1,55,2018/05/08 09:19:12,2018/05/08 09:20:26,,about your prescribing - 1,fax@openprescribing.net,0.07
832093973,00441953454858,0,1,66,2018/05/08 09:19:11,2018/05/08 09:24:50,,about your prescribing - 1,fax@openprescribing.net,0.08
832093970,00442076902869,0,1,45,2018/05/08 09:19:10,2018/05/08 09:24:22,,about your prescribing - 1,fax@openprescribing.net,0.07
832093972,00441480434640,0,1,45,2018/05/08 09:19:10,2018/05/08 09:24:22,434640,about your prescribing - 1,fax@openprescribing.net,0.07
832093969,00441483893104,0,1,44,2018/05/08 09:19:09,2018/05/08 09:28:22,01483 893104,about your prescribing - 1,fax@openprescribing.net,0.07
832093967,00441480218962,0,1,60,2018/05/08 09:19:08,2018/05/08 09:20:19,01480218962,about your prescribing - 1,fax@openprescribing.net,0.07
832093968,00441803296104,8021,0,67,2018/05/08 09:19:08,2018/05/08 09:38:56,,about your prescribing - 1,fax@openprescribing.net,0.00
832093966,00441840770198,0,1,87,2018/05/08 09:19:07,2018/05/08 09:25:10,01840 770198,about your prescribing - 1,fax@openprescribing.net,0.11
832093963,00441947841034,0,1,57,2018/05/08 09:19:06,2018/05/08 09:20:17,01947 841034,about your prescribing - 1,fax@openprescribing.net,0.07
832093964,00441328711825,0,1,53,2018/05/08 09:19:06,2018/05/08 09:25:35,,about your prescribing - 1,fax@openprescribing.net,0.07
832093962,00441604820241,0,1,85,2018/05/08 09:19:05,2018/05/08 09:25:03,01604820241,about your prescribing - 1,fax@openprescribing.net,0.11
832093960,00441299896873,0,1,53,2018/05/08 09:19:04,2018/05/08 09:20:09,,about your prescribing - 1,fax@openprescribing.net,0.07
832093961,00441244470809,0,1,65,2018/05/08 09:19:04,2018/05/08 09:21:06,9001441244470809,about your prescribing - 1,fax@openprescribing.net,0.08
832093959,00441753552537,0,1,48,2018/05/08 09:19:03,2018/05/08 09:24:28,01753552537,about your prescribing - 1,fax@openprescribing.net,0.07
832093955,00441503230713,0,1,45,2018/05/08 09:19:02,2018/05/08 09:20:55,01503230713,about your prescribing - 1,fax@openprescribing.net,0.07
832093957,00441227710288,0,1,98,2018/05/08 09:19:02,2018/05/08 09:25:16,01227710288,about your prescribing - 1,fax@openprescribing.net,0.12
832093954,00441915160041,0,1,50,2018/05/08 09:19:01,2018/05/08 09:20:14,,about your prescribing - 1,fax@openprescribing.net,0.07
832093952,00442074816199,0,1,45,2018/05/08 09:19:00,2018/05/08 09:20:47,02074816199,about your prescribing - 1,fax@openprescribing.net,0.07
832093949,00441708524408,0,1,44,2018/05/08 09:19:00,2018/05/08 09:24:39,,about your prescribing - 1,fax@openprescribing.net,0.07
832093948,00442083652571,0,1,50,2018/05/08 09:18:59,2018/05/08 09:20:11,02083652571,about your prescribing - 1,fax@openprescribing.net,0.07
832093939,00441263720165,0,1,71,2018/05/08 09:18:58,2018/05/08 09:24:46,,about your prescribing - 1,fax@openprescribing.net,0.08
832093943,00442476634816,0,1,60,2018/05/08 09:18:58,2018/05/08 09:20:10,02476634816,about your prescribing - 1,fax@openprescribing.net,0.07
832093937,00441380728721,0,1,84,2018/05/08 09:18:57,2018/05/08 09:20:31,01380728721,about your prescribing - 1,fax@openprescribing.net,0.10
832093933,00442087956171,0,1,73,2018/05/08 09:18:56,2018/05/08 09:20:22,02087956171,about your prescribing - 1,fax@openprescribing.net,0.09
832093930,00441702471153,0,1,98,2018/05/08 09:18:55,2018/05/08 09:21:53,01702471153,about your prescribing - 1,fax@openprescribing.net,0.12
832093928,00442086735794,0,1,71,2018/05/08 09:18:54,2018/05/08 09:22:07,+442086735794,about your prescribing - 1,fax@openprescribing.net,0.08
832093919,00442089772434,3211,0,42,2018/05/08 09:18:53,2018/05/08 09:34:28,,about your prescribing - 1,fax@openprescribing.net,0.00
832093926,00442086852040,0,1,85,2018/05/08 09:18:53,2018/05/08 09:20:42,02086852040,about your prescribing - 1,fax@openprescribing.net,0.11
832093917,00441708378161,0,1,114,2018/05/08 09:18:52,2018/05/08 09:22:11,01708378161,about your prescribing - 1,fax@openprescribing.net,0.13
832093915,00441425470030,0,1,55,2018/05/08 09:18:51,2018/05/08 09:28:42,01425 470030,about your prescribing - 1,fax@openprescribing.net,0.07
832093912,00442087809468,0,1,59,2018/05/08 09:18:50,2018/05/08 09:20:01,020 8780 9468,about your prescribing - 1,fax@openprescribing.net,0.07
832093914,00441487843635,0,1,80,2018/05/08 09:18:50,2018/05/08 09:24:58,01487843635,about your prescribing - 1,fax@openprescribing.net,0.10
832093907,00441473718810,0,1,47,2018/05/08 09:18:49,2018/05/08 09:27:31,01473718810,about your prescribing - 1,fax@openprescribing.net,0.07
832093903,00441785822776,0,1,78,2018/05/08 09:18:48,2018/05/08 09:20:32,01785822776,about your prescribing - 1,fax@openprescribing.net,0.09
832093905,00441252878910,0,1,53,2018/05/08 09:18:48,2018/05/08 09:24:36,,about your prescribing - 1,fax@openprescribing.net,0.07
832093901,00441388718645,0,1,61,2018/05/08 09:18:47,2018/05/08 09:20:08,01388718645,about your prescribing - 1,fax@openprescribing.net,0.08
832093898,00442076196688,0,1,63,2018/05/08 09:18:46,2018/05/08 09:20:08,,about your prescribing - 1,fax@openprescribing.net,0.08
832093888,00441516040416,0,1,88,2018/05/08 09:18:45,2018/05/08 09:24:07,01516040416,about your prescribing - 1,fax@openprescribing.net,0.11
832093891,00442074318918,0,1,72,2018/05/08 09:18:45,2018/05/08 09:23:49,02074318918,about your prescribing - 1,fax@openprescribing.net,0.08
832093886,00442084249136,0,1,61,2018/05/08 09:18:44,2018/05/08 09:20:02,02084249136,about your prescribing - 1,fax@openprescribing.net,0.08
832093884,00441638660294,0,1,84,2018/05/08 09:18:43,2018/05/08 09:25:01,01638660294,about your prescribing - 1,fax@openprescribing.net,0.10
832093885,00441619809216,0,1,45,2018/05/08 09:18:43,2018/05/08 09:23:21,01619809216,about your prescribing - 1,fax@openprescribing.net,0.07
832093882,00443000337868,0,1,63,2018/05/08 09:18:42,2018/05/08 09:19:51,,about your prescribing - 1,fax@openprescribing.net,0.08
832093877,00442085756625,0,1,44,2018/05/08 09:18:41,2018/05/08 09:24:18,02085756625,about your prescribing - 1,fax@openprescribing.net,0.07
832093873,00441579344933,0,1,69,2018/05/08 09:18:40,2018/05/08 09:20:07,01579344933,about your prescribing - 1,fax@openprescribing.net,0.08
832093875,00441782415692,0,1,87,2018/05/08 09:18:40,2018/05/08 09:25:02,01782 415692,about your prescribing - 1,fax@openprescribing.net,0.11
832093872,00441612125056,0,1,47,2018/05/08 09:18:39,2018/05/08 09:23:29,,about your prescribing - 1,fax@openprescribing.net,0.07
832093868,00441162710990,0,1,59,2018/05/08 09:18:38,2018/05/08 09:23:39,01162710990,about your prescribing - 1,fax@openprescribing.net,0.07
832093871,00441455824968,0,1,59,2018/05/08 09:18:38,2018/05/08 09:19:56,,about your prescribing - 1,fax@openprescribing.net,0.07
832093864,00442086725801,0,1,65,2018/05/08 09:18:37,2018/05/08 09:20:05,020886725801,about your prescribing - 1,fax@openprescribing.net,0.08
832093863,00441603401389,0,1,70,2018/05/08 09:18:36,2018/05/08 09:27:50,01603401389,about your prescribing - 1,fax@openprescribing.net,0.08
832093861,00441424436400,0,1,59,2018/05/08 09:18:35,2018/05/08 09:19:46,01424436400,about your prescribing - 1,fax@openprescribing.net,0.07
832093858,00441793600410,0,1,59,2018/05/08 09:18:34,2018/05/08 09:19:39,01793600410,about your prescribing - 1,fax@openprescribing.net,0.07
832093860,00442089855780,0,1,47,2018/05/08 09:18:34,2018/05/08 09:19:47,,about your prescribing - 1,fax@openprescribing.net,0.07
832093851,00441223213459,0,1,46,2018/05/08 09:18:33,2018/05/08 09:23:22,01223 213459,about your prescribing - 1,fax@openprescribing.net,0.07
832093848,00441214367260,0,1,51,2018/05/08 09:18:32,2018/05/08 09:19:38,01214367260,about your prescribing - 1,fax@openprescribing.net,0.07
832093846,00441666841074,0,1,46,2018/05/08 09:18:31,2018/05/08 09:23:32,01666 841074,about your prescribing - 1,fax@openprescribing.net,0.07
832093847,00441702437048,8021,0,67,2018/05/08 09:18:31,2018/05/08 09:37:55,,about your prescribing - 1,fax@openprescribing.net,0.00
832093843,00441452814185,0,1,90,2018/05/08 09:18:30,2018/05/08 09:24:10,01452814185,about your prescribing - 1,fax@openprescribing.net,0.11
832093837,00441702471154,0,1,47,2018/05/08 09:18:29,2018/05/08 09:19:29,Highlands Surgery,about your prescribing - 1,fax@openprescribing.net,0.07
832093838,00442085188227,0,1,44,2018/05/08 09:18:29,2018/05/08 09:23:31,,about your prescribing - 1,fax@openprescribing.net,0.07
832093835,00441179449799,0,1,72,2018/05/08 09:18:28,2018/05/08 09:19:52,01179449799,about your prescribing - 1,fax@openprescribing.net,0.08
832093830,00441892533987,0,1,48,2018/05/08 09:18:27,2018/05/08 09:23:27,01892 533987,about your prescribing - 1,fax@openprescribing.net,0.07
832093833,00441702589146,0,1,60,2018/05/08 09:18:27,2018/05/08 09:19:46,01702589146,about your prescribing - 1,fax@openprescribing.net,0.07
832093825,00441843222789,0,1,69,2018/05/08 09:18:26,2018/05/08 09:19:48,,about your prescribing - 1,fax@openprescribing.net,0.08
832093819,00441277201017,0,1,62,2018/05/08 09:18:25,2018/05/08 09:23:40,01277201017,about your prescribing - 1,fax@openprescribing.net,0.08
832093817,00441444222959,0,1,92,2018/05/08 09:18:24,2018/05/08 09:20:08,01444222959,about your prescribing - 1,fax@openprescribing.net,0.11
832093818,00442076252104,0,1,57,2018/05/08 09:18:24,2018/05/08 09:19:33,442076252104,about your prescribing - 1,fax@openprescribing.net,0.07
832093813,00442086824376,6017,0,4,2018/05/08 09:18:23,2018/05/08 09:30:41,,about your prescribing - 1,fax@openprescribing.net,0.00
832093804,00442075875296,0,1,112,2018/05/08 09:18:22,2018/05/08 09:24:32,02075875296,about your prescribing - 1,fax@openprescribing.net,0.13
832093811,00442380235487,0,1,44,2018/05/08 09:18:22,2018/05/08 09:19:21,,about your prescribing - 1,fax@openprescribing.net,0.07
832093800,00441179873227,0,1,46,2018/05/08 09:18:21,2018/05/08 09:19:20,01179873227,about your prescribing - 1,fax@openprescribing.net,0.07
832093796,00441803663353,0,1,48,2018/05/08 09:18:20,2018/05/08 09:19:21,01803663353,about your prescribing - 1,fax@openprescribing.net,0.07
832093790,00441993700931,0,1,77,2018/05/08 09:18:19,2018/05/08 09:19:48,,about your prescribing - 1,fax@openprescribing.net,0.09
832093778,00441516500978,0,1,62,2018/05/08 09:18:18,2018/05/08 09:19:32,+441516500978,about your prescribing - 1,fax@openprescribing.net,0.08
832093788,00442072729396,0,1,61,2018/05/08 09:18:18,2018/05/08 09:19:32,,about your prescribing - 1,fax@openprescribing.net,0.08
832093775,00442085550197,8021,0,67,2018/05/08 09:18:17,2018/05/08 09:37:54,,about your prescribing - 1,fax@openprescribing.net,0.00
832093771,00441371873679,0,1,59,2018/05/08 09:18:16,2018/05/08 09:19:30,0161,about your prescribing - 1,fax@openprescribing.net,0.07
832093763,00442078871635,3224,0,35,2018/05/08 09:18:15,2018/05/08 09:32:16,,about your prescribing - 1,fax@openprescribing.net,0.00
832093768,00442088816811,0,1,44,2018/05/08 09:18:15,2018/05/08 09:23:20,,about your prescribing - 1,fax@openprescribing.net,0.07
832093754,00441708332839,0,1,47,2018/05/08 09:18:14,2018/05/08 09:23:29,01708332839,about your prescribing - 1,fax@openprescribing.net,0.07
832093743,00441763273535,0,1,50,2018/05/08 09:18:13,2018/05/08 09:19:17,Fax,about your prescribing - 1,fax@openprescribing.net,0.07
832093738,00441400230729,0,1,64,2018/05/08 09:18:12,2018/05/08 09:25:08,01400230729,about your prescribing - 1,fax@openprescribing.net,0.08
832093735,00441329832443,0,1,50,2018/05/08 09:18:11,2018/05/08 09:23:28,,about your prescribing - 1,fax@openprescribing.net,0.07
832093736,00441268660628,0,1,58,2018/05/08 09:18:11,2018/05/08 09:23:35,01268660628,about your prescribing - 1,fax@openprescribing.net,0.07
832093730,00441229432156,0,1,47,2018/05/08 09:18:10,2018/05/08 09:23:24,01229 432156,about your prescribing - 1,fax@openprescribing.net,0.07
832093721,00441915340139,0,1,47,2018/05/08 09:18:09,2018/05/08 09:23:31,,about your prescribing - 1,fax@openprescribing.net,0.07
832093714,00442086929399,0,1,50,2018/05/08 09:18:08,2018/05/08 09:23:26,02086929399,about your prescribing - 1,fax@openprescribing.net,0.07
832093718,00441179162202,0,1,60,2018/05/08 09:18:08,2018/05/08 09:19:24,,about your prescribing - 1,fax@openprescribing.net,0.07
832093711,00441953718116,0,1,49,2018/05/08 09:18:07,2018/05/08 09:23:28,,about your prescribing - 1,fax@openprescribing.net,0.07
832093704,00441618776950,8021,0,67,2018/05/08 09:18:06,2018/05/08 09:37:55,,about your prescribing - 1,fax@openprescribing.net,0.00
832093693,00441912712544,0,1,61,2018/05/08 09:18:05,2018/05/08 09:19:21,01912712544,about your prescribing - 1,fax@openprescribing.net,0.08
832093690,00442380891217,0,1,56,2018/05/08 09:18:04,2018/05/08 09:22:34,,about your prescribing - 1,fax@openprescribing.net,0.07
832093686,00442088459543,0,1,45,2018/05/08 09:18:03,2018/05/08 09:23:23,,about your prescribing - 1,fax@openprescribing.net,0.07
832093682,00441692500619,0,1,54,2018/05/08 09:18:02,2018/05/08 09:28:36,01692500619,about your prescribing - 1,fax@openprescribing.net,0.07
832093674,00441892668840,0,1,45,2018/05/08 09:18:01,2018/05/08 09:19:09,01892668840,about your prescribing - 1,fax@openprescribing.net,0.07
832093676,00441708479485,0,1,70,2018/05/08 09:18:01,2018/05/08 09:23:47,01708479485,about your prescribing - 1,fax@openprescribing.net,0.08
832093669,00442085512199,0,1,34,2018/05/08 09:18:00,2018/05/08 09:18:47,,about your prescribing - 1,fax@openprescribing.net,0.07
832093665,00441829732404,0,1,78,2018/05/08 09:17:59,2018/05/08 09:19:29,01829732404,about your prescribing - 1,fax@openprescribing.net,0.09
832093668,00441614841415,0,1,45,2018/05/08 09:17:59,2018/05/08 09:23:17,0161 484 1415,about your prescribing - 1,fax@openprescribing.net,0.07
832093661,00441353741364,0,1,61,2018/05/08 09:17:58,2018/05/08 09:19:14,01353741364,about your prescribing - 1,fax@openprescribing.net,0.08
832093655,00441905617200,0,1,60,2018/05/08 09:17:57,2018/05/08 09:19:19,,about your prescribing - 1,fax@openprescribing.net,0.07
832093659,00442089625101,0,1,67,2018/05/08 09:17:57,2018/05/08 09:20:19,,about your prescribing - 1,fax@openprescribing.net,0.08
832093650,00442076060071,0,1,46,2018/05/08 09:17:56,2018/05/08 09:18:55,,about your prescribing - 1,fax@openprescribing.net,0.07
832093635,00442033137860,0,1,59,2018/05/08 09:17:55,2018/05/08 09:19:08,020333137860,about your prescribing - 1,fax@openprescribing.net,0.07
832093639,00441981251189,0,1,61,2018/05/08 09:17:55,2018/05/08 09:20:19,,about your prescribing - 1,fax@openprescribing.net,0.08
832093634,00441619039771,0,1,62,2018/05/08 09:17:54,2018/05/08 09:19:10,,about your prescribing - 1,fax@openprescribing.net,0.08
832093632,00441580754452,0,1,67,2018/05/08 09:17:53,2018/05/08 09:23:47,,about your prescribing - 1,fax@openprescribing.net,0.08
832093633,00441772626701,0,1,57,2018/05/08 09:17:53,2018/05/08 09:23:33,01772626701,about your prescribing - 1,fax@openprescribing.net,0.07
832093630,00442089241188,0,1,37,2018/05/08 09:17:52,2018/05/08 09:22:19,02089241188,about your prescribing - 1,fax@openprescribing.net,0.07
832093622,00441708220605,0,1,58,2018/05/08 09:17:51,2018/05/08 09:27:38,01708220605,about your prescribing - 1,fax@openprescribing.net,0.07
832093624,00441202822420,0,1,47,2018/05/08 09:17:51,2018/05/08 09:22:22,01202 822420,about your prescribing - 1,fax@openprescribing.net,0.07
832093621,00442085013025,0,1,45,2018/05/08 09:17:50,2018/05/08 09:23:19,02085013025,about your prescribing - 1,fax@openprescribing.net,0.07
832093620,00448717334989,6027,0,5,2018/05/08 09:17:49,2018/05/08 09:29:44,,about your prescribing - 1,fax@openprescribing.net,0.00
832093612,00441612306305,0,1,86,2018/05/08 09:17:48,2018/05/08 09:19:27,0161 2306305,about your prescribing - 1,fax@openprescribing.net,0.11
832093617,00441295750435,0,1,70,2018/05/08 09:17:48,2018/05/08 09:23:48,,about your prescribing - 1,fax@openprescribing.net,0.08
832093607,00441942873905,0,1,46,2018/05/08 09:17:47,2018/05/08 09:23:47,,about your prescribing - 1,fax@openprescribing.net,0.07
832093606,00442082881012,0,1,60,2018/05/08 09:17:46,2018/05/08 09:18:59,,about your prescribing - 1,fax@openprescribing.net,0.07
832093601,00441543576138,6017,0,3,2018/05/08 09:17:45,2018/05/08 09:29:57,,about your prescribing - 1,fax@openprescribing.net,0.00
832093604,00441865727358,8021,0,67,2018/05/08 09:17:45,2018/05/08 09:38:57,,about your prescribing - 1,fax@openprescribing.net,0.00
832093599,00442084580109,0,1,91,2018/05/08 09:17:44,2018/05/08 09:24:07,,about your prescribing - 1,fax@openprescribing.net,0.11
832093596,00441634729680,8021,0,67,2018/05/08 09:17:43,2018/05/08 09:33:47,,about your prescribing - 1,fax@openprescribing.net,0.00
832093587,00441619729995,0,1,47,2018/05/08 09:17:42,2018/05/08 09:18:48,01619729980,about your prescribing - 1,fax@openprescribing.net,0.07
832093588,00442084913345,0,1,65,2018/05/08 09:17:42,2018/05/08 09:19:04,02084913345,about your prescribing - 1,fax@openprescribing.net,0.08
832093585,00441708737936,0,1,52,2018/05/08 09:17:41,2018/05/08 09:18:48,01708737936,about your prescribing - 1,fax@openprescribing.net,0.07
832093584,00441527894137,0,1,45,2018/05/08 09:17:40,2018/05/08 09:23:46,01527894137,about your prescribing - 1,fax@openprescribing.net,0.07
832093575,00441514745780,6017,0,3,2018/05/08 09:17:39,2018/05/08 09:29:43,,about your prescribing - 1,fax@openprescribing.net,0.00
832093582,00441983524258,0,1,62,2018/05/08 09:17:39,2018/05/08 09:18:58,,about your prescribing - 1,fax@openprescribing.net,0.08
832093571,00441375898799,6017,0,3,2018/05/08 09:17:38,2018/05/08 09:29:39,,about your prescribing - 1,fax@openprescribing.net,0.00
832093569,00441702533757,0,1,70,2018/05/08 09:17:37,2018/05/08 09:19:02,,about your prescribing - 1,fax@openprescribing.net,0.08
832093567,00441394388457,0,1,48,2018/05/08 09:17:36,2018/05/08 09:18:41,01394388457,about your prescribing - 1,fax@openprescribing.net,0.07
832093560,00442083433614,8021,0,61,2018/05/08 09:17:35,2018/05/08 09:34:39,,about your prescribing - 1,fax@openprescribing.net,0.00
832093565,00441747871023,0,1,62,2018/05/08 09:17:35,2018/05/08 09:22:33,01747871023,about your prescribing - 1,fax@openprescribing.net,0.08
832093551,00441923247446,3224,0,37,2018/05/08 09:17:34,2018/05/08 09:32:15,,about your prescribing - 1,fax@openprescribing.net,0.00
832093544,00441472399881,0,1,45,2018/05/08 09:17:33,2018/05/08 09:22:18,,about your prescribing - 1,fax@openprescribing.net,0.07
832093538,00441214586921,0,1,62,2018/05/08 09:17:32,2018/05/08 09:18:50,01214586921,about your prescribing - 1,fax@openprescribing.net,0.08
832093198,00441865378488,0,1,46,2018/05/08 09:16:35,2018/05/08 09:25:24,,about your prescribing - 1,fax@openprescribing.net,0.07
832093195,00441845521359,0,1,47,2018/05/08 09:16:34,2018/05/08 09:21:25,01845521359,about your prescribing - 1,fax@openprescribing.net,0.07
832093184,00441473718490,0,1,46,2018/05/08 09:16:33,2018/05/08 09:17:33,01473718490,about your prescribing - 1,fax@openprescribing.net,0.07
832093182,00441268770176,0,1,59,2018/05/08 09:16:33,2018/05/08 09:17:44,01268770176,about your prescribing - 1,fax@openprescribing.net,0.07
832093180,00441273834529,0,1,45,2018/05/08 09:16:32,2018/05/08 09:21:18,01273834529,about your prescribing - 1,fax@openprescribing.net,0.07
832093177,00442085017070,0,1,47,2018/05/08 09:16:31,2018/05/08 09:30:33,,about your prescribing - 1,fax@openprescribing.net,0.07
832093179,00441264336792,0,1,81,2018/05/08 09:16:31,2018/05/08 09:18:10,01264 336792,about your prescribing - 1,fax@openprescribing.net,0.10
832093172,00442087400310,0,1,47,2018/05/08 09:16:29,2018/05/08 09:21:20,02087400310,about your prescribing - 1,fax@openprescribing.net,0.07
832093168,00442075118980,0,1,75,2018/05/08 09:16:28,2018/05/08 09:21:48,,about your prescribing - 1,fax@openprescribing.net,0.09
832093170,00448448840156,0,1,68,2018/05/08 09:16:28,2018/05/08 09:21:52,08448840156,about your prescribing - 1,fax@openprescribing.net,0.25
832093167,00441295279293,0,1,61,2018/05/08 09:16:27,2018/05/08 09:17:43,,about your prescribing - 1,fax@openprescribing.net,0.08
832093160,00441913871803,0,1,60,2018/05/08 09:16:26,2018/05/08 09:17:40,01913871803,about your prescribing - 1,fax@openprescribing.net,0.07
832093165,00442085525329,0,1,70,2018/05/08 09:16:26,2018/05/08 09:21:43,02085525329,about your prescribing - 1,fax@openprescribing.net,0.08
832093158,00442030742403,6001,0,4,2018/05/08 09:16:25,2018/05/08 09:29:44,,about your prescribing - 1,fax@openprescribing.net,0.00
832093155,00441452337778,0,1,71,2018/05/08 09:16:24,2018/05/08 09:25:50,,about your prescribing - 1,fax@openprescribing.net,0.08
832093156,00441273391757,0,1,50,2018/05/08 09:16:24,2018/05/08 09:21:24,01273300962,about your prescribing - 1,fax@openprescribing.net,0.07
832093148,00441708471330,0,1,48,2018/05/08 09:16:23,2018/05/08 09:21:24,01708 471330,about your prescribing - 1,fax@openprescribing.net,0.07
832093140,00441914166274,8021,0,67,2018/05/08 09:16:22,2018/05/08 09:35:49,,about your prescribing - 1,fax@openprescribing.net,0.00
832093134,00442089013307,0,1,78,2018/05/08 09:16:21,2018/05/08 09:18:55,02089013307,about your prescribing - 1,fax@openprescribing.net,0.09
832093138,00442074747816,0,1,44,2018/05/08 09:16:21,2018/05/08 09:21:22,,about your prescribing - 1,fax@openprescribing.net,0.07
832093131,00441793845526,0,1,48,2018/05/08 09:16:20,2018/05/08 09:19:02,,about your prescribing - 1,fax@openprescribing.net,0.07
832093130,00442476229782,0,1,62,2018/05/08 09:16:19,2018/05/08 09:17:35,02476229782,about your prescribing - 1,fax@openprescribing.net,0.08
832093124,00441617273615,0,1,45,2018/05/08 09:16:18,2018/05/08 09:25:28,,about your prescribing - 1,fax@openprescribing.net,0.07
832093118,00441342314681,0,1,44,2018/05/08 09:16:17,2018/05/08 09:29:25,01342314681,about your prescribing - 1,fax@openprescribing.net,0.07
832093121,00441617038922,0,1,46,2018/05/08 09:16:17,2018/05/08 09:18:18,01617038922,about your prescribing - 1,fax@openprescribing.net,0.07
832093115,00441626334986,0,1,47,2018/05/08 09:16:16,2018/05/08 09:19:05,01626334986,about your prescribing - 1,fax@openprescribing.net,0.07
832093112,00441793820923,0,1,70,2018/05/08 09:16:15,2018/05/08 09:26:01,,about your prescribing - 1,fax@openprescribing.net,0.08
832093106,00441895623236,0,1,45,2018/05/08 09:16:14,2018/05/08 09:21:19,,about your prescribing - 1,fax@openprescribing.net,0.07
832093108,00441295721375,0,1,45,2018/05/08 09:16:14,2018/05/08 09:21:16,01295721375,about your prescribing - 1,fax@openprescribing.net,0.07
832093101,00441526322210,0,1,60,2018/05/08 09:16:13,2018/05/08 09:21:32,01526,about your prescribing - 1,fax@openprescribing.net,0.07
832093094,00441487710982,0,1,61,2018/05/08 09:16:12,2018/05/08 09:17:37,01487710982,about your prescribing - 1,fax@openprescribing.net,0.08
832093078,00441748884250,0,1,58,2018/05/08 09:16:11,2018/05/08 09:17:20,+44 (0)1748 884 250,about your prescribing - 1,fax@openprescribing.net,0.07
832093085,00442088383579,8021,0,67,2018/05/08 09:16:11,2018/05/08 09:35:51,,about your prescribing - 1,fax@openprescribing.net,0.00
832093076,00441273611527,0,1,46,2018/05/08 09:16:10,2018/05/08 09:17:13,01273611527,about your prescribing - 1,fax@openprescribing.net,0.07
832093074,00441582494675,0,1,44,2018/05/08 09:16:09,2018/05/08 09:25:21,,about your prescribing - 1,fax@openprescribing.net,0.07
832093075,00441915102746,0,1,51,2018/05/08 09:16:09,2018/05/08 09:23:29,0191 5102746,about your prescribing - 1,fax@openprescribing.net,0.07
832093072,00442084516897,0,1,45,2018/05/08 09:16:08,2018/05/08 09:21:20,,about your prescribing - 1,fax@openprescribing.net,0.07
832093067,00442078138668,0,1,78,2018/05/08 09:16:07,2018/05/08 09:17:46,02078138668,about your prescribing - 1,fax@openprescribing.net,0.09
832093069,00441427787630,0,1,89,2018/05/08 09:16:07,2018/05/08 09:29:21,,about your prescribing - 1,fax@openprescribing.net,0.11
832093066,00441892853499,0,1,44,2018/05/08 09:16:06,2018/05/08 09:25:22,01892853499,about your prescribing - 1,fax@openprescribing.net,0.07
832093059,00441962856010,0,1,71,2018/05/08 09:16:05,2018/05/08 09:19:23,,about your prescribing - 1,fax@openprescribing.net,0.08
832093063,00442072216755,0,1,61,2018/05/08 09:16:05,2018/05/08 09:17:32,,about your prescribing - 1,fax@openprescribing.net,0.08
832093054,00442072844677,0,1,49,2018/05/08 09:16:04,2018/05/08 09:25:29,02072844677,about your prescribing - 1,fax@openprescribing.net,0.07
832093053,00441242263787,0,1,83,2018/05/08 09:16:03,2018/05/08 09:21:51,01242 263787,about your prescribing - 1,fax@openprescribing.net,0.10
832093050,00442073589930,0,1,60,2018/05/08 09:16:02,2018/05/08 09:21:31,,about your prescribing - 1,fax@openprescribing.net,0.07
832093051,00442380363568,0,1,80,2018/05/08 09:16:02,2018/05/08 09:27:00,02380363568,about your prescribing - 1,fax@openprescribing.net,0.10
832093049,00442085942184,0,1,44,2018/05/08 09:16:01,2018/05/08 09:21:15,,about your prescribing - 1,fax@openprescribing.net,0.07
832093045,00441722421643,0,1,45,2018/05/08 09:16:00,2018/05/08 09:21:19,01722421643,about your prescribing - 1,fax@openprescribing.net,0.07
832093037,00441608650071,0,1,60,2018/05/08 09:15:59,2018/05/08 09:17:29,01608650071,about your prescribing - 1,fax@openprescribing.net,0.07
832093031,00441914178100,0,1,56,2018/05/08 09:15:58,2018/05/08 09:17:11,0191 4178100,about your prescribing - 1,fax@openprescribing.net,0.07
832093035,00442085744952,0,1,49,2018/05/08 09:15:58,2018/05/08 09:20:29,,about your prescribing - 1,fax@openprescribing.net,0.07
832093029,00441268795150,0,1,70,2018/05/08 09:15:57,2018/05/08 09:17:20,,about your prescribing - 1,fax@openprescribing.net,0.08
832093027,00441206827973,0,1,58,2018/05/08 09:15:56,2018/05/08 09:17:21,+44_(0)1206_827_973,about your prescribing - 1,fax@openprescribing.net,0.07
832093022,00441634334917,0,1,56,2018/05/08 09:15:55,2018/05/08 09:18:50,01634261161,about your prescribing - 1,fax@openprescribing.net,0.07
832093024,00441273689271,0,1,53,2018/05/08 09:15:55,2018/05/08 09:17:32,01273689271,about your prescribing - 1,fax@openprescribing.net,0.07
832093021,00448444771797,6016,0,14,2018/05/08 09:15:54,2018/05/08 09:29:49,,about your prescribing - 1,fax@openprescribing.net,0.00
832093016,00441142724767,0,1,45,2018/05/08 09:15:53,2018/05/08 09:21:19,01142724767,about your prescribing - 1,fax@openprescribing.net,0.07
832093020,00441778562207,0,1,49,2018/05/08 09:15:53,2018/05/08 09:21:26,01778562207,about your prescribing - 1,fax@openprescribing.net,0.07
832093012,00442085921127,6017,0,4,2018/05/08 09:15:52,2018/05/08 09:27:43,,about your prescribing - 1,fax@openprescribing.net,0.00
832093008,00441205480987,0,1,51,2018/05/08 09:15:51,2018/05/08 09:17:13,01205480987,about your prescribing - 1,fax@openprescribing.net,0.07
832093007,00448444773717,0,1,47,2018/05/08 09:15:50,2018/05/08 09:16:51,,about your prescribing - 1,fax@openprescribing.net,0.21
832093006,00441782751835,0,1,61,2018/05/08 09:15:49,2018/05/08 09:17:34,01782751835,about your prescribing - 1,fax@openprescribing.net,0.08
832092999,00441733704474,0,1,49,2018/05/08 09:15:48,2018/05/08 09:24:31,Dr_Scott_Whittlesey,about your prescribing - 1,fax@openprescribing.net,0.07
832093004,00441255556969,0,1,44,2018/05/08 09:15:48,2018/05/08 09:21:13,,about your prescribing - 1,fax@openprescribing.net,0.07
832092990,00442089046241,0,1,47,2018/05/08 09:15:47,2018/05/08 09:25:23,02089046241,about your prescribing - 1,fax@openprescribing.net,0.07
832092984,00441484451423,0,1,66,2018/05/08 09:15:46,2018/05/08 09:20:38,01484451423,about your prescribing - 1,fax@openprescribing.net,0.08
832092978,00442476396870,0,1,78,2018/05/08 09:15:45,2018/05/08 09:17:16,02476396870,about your prescribing - 1,fax@openprescribing.net,0.09
832092981,00441283791863,0,1,71,2018/05/08 09:15:45,2018/05/08 09:21:40,01283791863,about your prescribing - 1,fax@openprescribing.net,0.08
832092973,00441612117354,0,1,50,2018/05/08 09:15:44,2018/05/08 09:16:49,0161 211 7354,about your prescribing - 1,fax@openprescribing.net,0.07
832092961,00441760726009,0,1,62,2018/05/08 09:15:43,2018/05/08 09:20:31,01760 726009,about your prescribing - 1,fax@openprescribing.net,0.08
832092956,00441522730192,0,1,77,2018/05/08 09:15:42,2018/05/08 09:21:47,01522730192,about your prescribing - 1,fax@openprescribing.net,0.09
832092946,00442030492821,0,1,67,2018/05/08 09:15:41,2018/05/08 09:21:41,,about your prescribing - 1,fax@openprescribing.net,0.08
832092951,00442086738146,0,1,76,2018/05/08 09:15:41,2018/05/08 09:21:38,02086738146,about your prescribing - 1,fax@openprescribing.net,0.09
832092937,00441279629294,0,1,77,2018/05/08 09:15:40,2018/05/08 09:20:54,,about your prescribing - 1,fax@openprescribing.net,0.09
832092929,00442082969505,0,1,46,2018/05/08 09:15:39,2018/05/08 09:21:19,02082969505,about your prescribing - 1,fax@openprescribing.net,0.07
832092924,00441476550904,0,1,56,2018/05/08 09:15:38,2018/05/08 09:16:50,01476 550904,about your prescribing - 1,fax@openprescribing.net,0.07
832092920,00448444996993,0,1,47,2018/05/08 09:15:37,2018/05/08 09:20:17,08444996993,about your prescribing - 1,fax@openprescribing.net,0.21
832092923,00441223322541,0,1,60,2018/05/08 09:15:37,2018/05/08 09:17:00,01223322541,about your prescribing - 1,fax@openprescribing.net,0.07
832092917,00441234268999,0,1,61,2018/05/08 09:15:36,2018/05/08 09:17:06,01234268999,about your prescribing - 1,fax@openprescribing.net,0.08
832092910,0044190526888,0,1,70,2018/05/08 09:15:35,2018/05/08 09:20:47,,about your prescribing - 1,fax@openprescribing.net,0.08
832092902,00441179082377,0,1,66,2018/05/08 09:15:34,2018/05/08 09:17:08,01179082377,about your prescribing - 1,fax@openprescribing.net,0.08
832092907,00441515462914,0,1,67,2018/05/08 09:15:34,2018/05/08 09:20:41,01515462914,about your prescribing - 1,fax@openprescribing.net,0.08
832092899,00441480456162,0,1,78,2018/05/08 09:15:33,2018/05/08 09:17:24,,about your prescribing - 1,fax@openprescribing.net,0.09
832092897,00442083710187,8021,0,67,2018/05/08 09:15:32,2018/05/08 09:35:50,,about your prescribing - 1,fax@openprescribing.net,0.00
832092892,00442088888364,0,1,61,2018/05/08 09:15:31,2018/05/08 09:16:51,02088888364,about your prescribing - 1,fax@openprescribing.net,0.08
832092891,00441142650001,0,1,44,2018/05/08 09:15:30,2018/05/08 09:16:27,01142650001,about your prescribing - 1,fax@openprescribing.net,0.07
832092881,00441892863985,0,1,82,2018/05/08 09:15:29,2018/05/08 09:16:58,01892863985,about your prescribing - 1,fax@openprescribing.net,0.10
832092884,00442083145557,0,1,45,2018/05/08 09:15:29,2018/05/08 09:22:19,,about your prescribing - 1,fax@openprescribing.net,0.07
832092880,00442085140879,0,1,46,2018/05/08 09:15:28,2018/05/08 09:20:19,,about your prescribing - 1,fax@openprescribing.net,0.07
832092879,00441923711933,0,1,60,2018/05/08 09:15:27,2018/05/08 09:16:38,01923711933,about your prescribing - 1,fax@openprescribing.net,0.07
832092873,00442075613429,0,1,46,2018/05/08 09:15:26,2018/05/08 09:16:27,02075613429,about your prescribing - 1,fax@openprescribing.net,0.07
832092876,00441376502281,0,1,49,2018/05/08 09:15:26,2018/05/08 09:16:33,Fern House,about your prescribing - 1,fax@openprescribing.net,0.07
832092867,00441142611643,0,1,68,2018/05/08 09:15:25,2018/05/08 09:20:43,01142611643,about your prescribing - 1,fax@openprescribing.net,0.08
832092865,00441162641880,0,1,61,2018/05/08 09:15:24,2018/05/08 09:16:47,01162641880,about your prescribing - 1,fax@openprescribing.net,0.08
832092860,00448448151221,0,1,48,2018/05/08 09:15:23,2018/05/08 09:17:00,,about your prescribing - 1,fax@openprescribing.net,0.21
832092857,00441166226777,6001,0,3,2018/05/08 09:15:22,2018/05/08 09:28:40,,about your prescribing - 1,fax@openprescribing.net,0.00
832092851,00442038188432,0,1,82,2018/05/08 09:15:21,2018/05/08 09:16:59,,about your prescribing - 1,fax@openprescribing.net,0.10
832092843,00441132381286,0,1,58,2018/05/08 09:15:20,2018/05/08 09:16:48,01132381286,about your prescribing - 1,fax@openprescribing.net,0.07
832092826,00441473830200,0,1,50,2018/05/08 09:15:19,2018/05/08 09:16:26,014738302000,about your prescribing - 1,fax@openprescribing.net,0.07
832092834,00441353669532,0,1,82,2018/05/08 09:15:19,2018/05/08 09:20:55,01353669532,about your prescribing - 1,fax@openprescribing.net,0.10
832092819,00441788833021,0,1,50,2018/05/08 09:15:18,2018/05/08 09:20:23,01788 833021,about your prescribing - 1,fax@openprescribing.net,0.07
832092814,00441677424596,0,1,45,2018/05/08 09:15:17,2018/05/08 09:20:45,01677424596,about your prescribing - 1,fax@openprescribing.net,0.07
832092808,00441733556230,0,1,61,2018/05/08 09:15:16,2018/05/08 09:16:41,01733556230,about your prescribing - 1,fax@openprescribing.net,0.08
832092799,00442088828884,6001,0,3,2018/05/08 09:15:15,2018/05/08 09:27:41,,about your prescribing - 1,fax@openprescribing.net,0.00
832092780,00442089918074,0,1,50,2018/05/08 09:15:14,2018/05/08 09:16:11,02089918174,about your prescribing - 1,fax@openprescribing.net,0.07
832092786,00441728602083,0,1,69,2018/05/08 09:15:14,2018/05/08 09:16:44,01728602083,about your prescribing - 1,fax@openprescribing.net,0.08
832092773,00441915027701,0,1,44,2018/05/08 09:15:13,2018/05/08 09:18:24,01915027701,about your prescribing - 1,fax@openprescribing.net,0.07
832092766,00442089625167,0,1,72,2018/05/08 09:15:12,2018/05/08 09:18:00,,about your prescribing - 1,fax@openprescribing.net,0.08
832092755,00441452387874,0,1,49,2018/05/08 09:15:11,2018/05/08 09:20:21,01452 387874,about your prescribing - 1,fax@openprescribing.net,0.07
832092762,00441516091359,0,1,49,2018/05/08 09:15:11,2018/05/08 09:30:34,01516091359,about your prescribing - 1,fax@openprescribing.net,0.07
832092753,00441752815733,0,1,59,2018/05/08 09:15:10,2018/05/08 09:16:28,01752815733,about your prescribing - 1,fax@openprescribing.net,0.07
832092749,00442079781927,0,1,43,2018/05/08 09:15:09,2018/05/08 09:16:25,Magrathea,about your prescribing - 1,fax@openprescribing.net,0.07
832092744,00441929426037,0,1,78,2018/05/08 09:15:08,2018/05/08 09:20:49,01929426037,about your prescribing - 1,fax@openprescribing.net,0.09
832092726,00441787211777,0,1,77,2018/05/08 09:15:07,2018/05/08 09:20:47,01787211777,about your prescribing - 1,fax@openprescribing.net,0.09
832092736,00441277230136,0,1,73,2018/05/08 09:15:07,2018/05/08 09:20:43,01277230136,about your prescribing - 1,fax@openprescribing.net,0.09
832092722,00441273486879,0,1,45,2018/05/08 09:15:06,2018/05/08 09:16:22,01273 486879,about your prescribing - 1,fax@openprescribing.net,0.07
832092718,00442089959529,0,1,60,2018/05/08 09:15:05,2018/05/08 09:16:29,,about your prescribing - 1,fax@openprescribing.net,0.07
832092708,00441616541776,0,1,60,2018/05/08 09:15:04,2018/05/08 09:16:26,01616541776,about your prescribing - 1,fax@openprescribing.net,0.07
832092714,00441993882264,0,1,85,2018/05/08 09:15:04,2018/05/08 09:25:07,01993882264,about your prescribing - 1,fax@openprescribing.net,0.11
832092700,00441803837917,0,1,48,2018/05/08 09:15:03,2018/05/08 09:20:18,01803837917,about your prescribing - 1,fax@openprescribing.net,0.07
832092685,00442085792593,0,1,76,2018/05/08 09:15:02,2018/05/08 09:20:49,,about your prescribing - 1,fax@openprescribing.net,0.09
832092677,00442083400896,0,1,78,2018/05/08 09:15:01,2018/05/08 09:16:31,,about your prescribing - 1,fax@openprescribing.net,0.09
832092674,00442083653938,0,1,78,2018/05/08 09:15:00,2018/05/08 09:20:46,02083653938,about your prescribing - 1,fax@openprescribing.net,0.09
832092671,00441480862893,0,1,83,2018/05/08 09:14:59,2018/05/08 09:20:09,,about your prescribing - 1,fax@openprescribing.net,0.10
832092655,00442083449719,0,1,53,2018/05/08 09:14:55,2018/05/08 09:20:29,02083449719,about your prescribing - 1,fax@openprescribing.net,0.07
832092650,00441733425015,0,1,46,2018/05/08 09:14:54,2018/05/08 09:20:19,01733425015,about your prescribing - 1,fax@openprescribing.net,0.07
832092644,00441245344476,0,1,57,2018/05/08 09:14:53,2018/05/08 09:16:15,Fax Server **,about your prescribing - 1,fax@openprescribing.net,0.07
832092647,00441329434899,6127,0,3,2018/05/08 09:14:53,2018/05/08 09:27:43,,about your prescribing - 1,fax@openprescribing.net,0.00
832092640,00441223576259,0,1,46,2018/05/08 09:14:51,2018/05/08 09:24:30,01223576259,about your prescribing - 1,fax@openprescribing.net,0.07
832092626,00441406426284,0,1,45,2018/05/08 09:14:50,2018/05/08 09:24:21,,about your prescribing - 1,fax@openprescribing.net,0.07
832092631,00441619764632,0,1,48,2018/05/08 09:14:50,2018/05/08 09:20:23,,about your prescribing - 1,fax@openprescribing.net,0.07
832092617,00441225421600,0,1,44,2018/05/08 09:14:48,2018/05/08 09:20:16,,about your prescribing - 1,fax@openprescribing.net,0.07
832092605,00441474324136,0,1,61,2018/05/08 09:14:47,2018/05/08 09:16:10,,about your prescribing - 1,fax@openprescribing.net,0.08
832092611,00441768898905,0,1,47,2018/05/08 09:14:47,2018/05/08 09:23:31,,about your prescribing - 1,fax@openprescribing.net,0.07
832092603,00441376552690,0,1,45,2018/05/08 09:14:46,2018/05/08 09:17:37,01376552690,about your prescribing - 1,fax@openprescribing.net,0.07
832092597,00441223264401,0,1,61,2018/05/08 09:14:45,2018/05/08 09:15:59,01223264401,about your prescribing - 1,fax@openprescribing.net,0.08
832092594,00441444416943,0,1,73,2018/05/08 09:14:44,2018/05/08 09:16:33,,about your prescribing - 1,fax@openprescribing.net,0.09
832092584,00441865310327,0,1,59,2018/05/08 09:14:43,2018/05/08 09:15:55,,about your prescribing - 1,fax@openprescribing.net,0.07
832092590,00442084460179,0,1,42,2018/05/08 09:14:43,2018/05/08 09:20:20,,about your prescribing - 1,fax@openprescribing.net,0.07
832092578,00441509651311,0,1,40,2018/05/08 09:14:42,2018/05/08 09:20:13,01509651311,about your prescribing - 1,fax@openprescribing.net,0.07
832092572,00442089050286,0,1,53,2018/05/08 09:14:41,2018/05/08 09:25:39,,about your prescribing - 1,fax@openprescribing.net,0.07
832092567,00442085444790,0,1,54,2018/05/08 09:14:40,2018/05/08 09:24:31,02077036340,about your prescribing - 1,fax@openprescribing.net,0.07
832092561,00442088802112,0,1,60,2018/05/08 09:14:39,2018/05/08 09:15:52,,about your prescribing - 1,fax@openprescribing.net,0.07
832092553,00441606837500,0,1,87,2018/05/08 09:14:38,2018/05/08 09:21:10,01606 837500,about your prescribing - 1,fax@openprescribing.net,0.11
832092546,00442037046131,0,1,47,2018/05/08 09:14:37,2018/05/08 09:15:46,,about your prescribing - 1,fax@openprescribing.net,0.07
832092536,00448712214843,0,1,48,2018/05/08 09:14:36,2018/05/08 09:15:44,FAXCORE,about your prescribing - 1,fax@openprescribing.net,0.21
832092529,00441634575006,0,1,72,2018/05/08 09:14:35,2018/05/08 09:17:37,01634575006,about your prescribing - 1,fax@openprescribing.net,0.08
832092525,00441487740765,0,1,44,2018/05/08 09:14:34,2018/05/08 09:19:21,,about your prescribing - 1,fax@openprescribing.net,0.07
832092515,00441245329849,0,1,47,2018/05/08 09:14:33,2018/05/08 09:15:32,01245329849,about your prescribing - 1,fax@openprescribing.net,0.07
832092510,00441617400399,6001,0,3,2018/05/08 09:14:32,2018/05/08 09:26:39,,about your prescribing - 1,fax@openprescribing.net,0.00
832092511,00441516370581,0,1,46,2018/05/08 09:14:32,2018/05/08 09:20:27,,about your prescribing - 1,fax@openprescribing.net,0.07
832092506,00441214233089,0,1,46,2018/05/08 09:14:31,2018/05/08 09:24:28,01214233089+,about your prescribing - 1,fax@openprescribing.net,0.07
832092494,00442089001889,0,1,47,2018/05/08 09:14:30,2018/05/08 09:15:40,02089001889,about your prescribing - 1,fax@openprescribing.net,0.07
832092500,00441223697601,0,1,80,2018/05/08 09:14:30,2018/05/08 09:20:00,,about your prescribing - 1,fax@openprescribing.net,0.10
832092491,00441234720603,0,1,61,2018/05/08 09:14:29,2018/05/08 09:15:38,01234 720603,about your prescribing - 1,fax@openprescribing.net,0.08
832092487,00441273540990,0,1,77,2018/05/08 09:14:28,2018/05/08 09:16:02,,about your prescribing - 1,fax@openprescribing.net,0.09
832092484,00442380435569,0,1,62,2018/05/08 09:14:27,2018/05/08 09:19:31,02380435569,about your prescribing - 1,fax@openprescribing.net,0.08
832090872,00442088641002,0,1,48,2018/05/08 09:06:56,2018/05/08 09:07:57,Magrathea,about your prescribing - 1,fax@openprescribing.net,0.07
832089779,00442088641002,0,1,60,2018/05/08 09:05:01,2018/05/08 09:06:31,Magrathea,about your prescribing - 1,fax@openprescribing.net,0.07
832089729,00442082018298,0,1,44,2018/05/08 09:04:52,2018/05/08 09:05:47,,about your prescribing - 1,fax@openprescribing.net,0.07
832089685,00441200446258,6001,0,3,2018/05/08 09:04:43,2018/05/08 09:17:24,,about your prescribing - 1,fax@openprescribing.net,0.00
832089646,00442083602007,0,1,45,2018/05/08 09:04:34,2018/05/08 09:05:31,02083602007,about your prescribing - 1,fax@openprescribing.net,0.07
832089609,00441452337712,0,1,63,2018/05/08 09:04:25,2018/05/08 09:05:37,01452337712,about your prescribing - 1,fax@openprescribing.net,0.08
832089578,00441553771463,0,1,45,2018/05/08 09:04:15,2018/05/08 09:09:10,Fairstead Reception,about your prescribing - 1,fax@openprescribing.net,0.07
832089529,00441225484627,0,1,44,2018/05/08 09:04:06,2018/05/08 09:05:02,01225484627,about your prescribing - 1,fax@openprescribing.net,0.07
832084586,00441225484627,0,1,44,2018/05/08 08:39:38,2018/05/08 08:40:31,01225484627,about your prescribing - 1,fax@openprescribing.net,0.07
832084560,00441474369341,0,1,62,2018/05/08 08:39:31,2018/05/08 08:40:53,,about your prescribing - 1,fax@openprescribing.net,0.08
832084535,00442087418665,0,1,47,2018/05/08 08:39:24,2018/05/08 08:48:23,02087418665,about your prescribing - 1,fax@openprescribing.net,0.07
832084512,00441622891754,0,1,46,2018/05/08 08:39:16,2018/05/08 08:44:19,,about your prescribing - 1,fax@openprescribing.net,0.07
832084133,00442086926677,0,1,75,2018/05/08 08:39:09,2018/05/08 08:40:57,1,about your prescribing - 1,fax@openprescribing.net,0.09
832083792,00441142508995,0,1,69,2018/05/08 08:39:02,2018/05/08 08:44:52,,about your prescribing - 1,fax@openprescribing.net,0.08
832083774,00441668282442,0,1,45,2018/05/08 08:38:55,2018/05/08 08:44:18,,about your prescribing - 1,fax@openprescribing.net,0.07
832080518,00441668282442,0,1,45,2018/05/08 08:24:15,2018/05/08 08:33:58,,about your prescribing - 1,fax@openprescribing.net,0.07
832080397,00441668282442,0,1,45,2018/05/08 08:23:30,2018/05/08 08:28:40,,about your prescribing - 1,fax@openprescribing.net,0.07
832080390,00441322868794,0,1,86,2018/05/08 08:23:28,2018/05/08 08:25:26,OK,about your prescribing - 1,fax@openprescribing.net,0.11
832080376,00441924456232,0,1,49,2018/05/08 08:23:24,2018/05/08 08:28:44,01924456232,about your prescribing - 1,fax@openprescribing.net,0.07
832080373,00442085569082,0,1,45,2018/05/08 08:23:23,2018/05/08 08:28:37,,about your prescribing - 1,fax@openprescribing.net,0.07
832080368,00442086213437,0,1,76,2018/05/08 08:23:21,2018/05/08 08:29:08,,about your prescribing - 1,fax@openprescribing.net,0.09
832080365,00442082933303,0,1,79,2018/05/08 08:23:20,2018/05/08 08:24:52,020 8293 3303,about your prescribing - 1,fax@openprescribing.net,0.10
832080362,00441612300809,0,1,68,2018/05/08 08:23:18,2018/05/08 08:24:51,01612300809,about your prescribing - 1,fax@openprescribing.net,0.08
832079850,00441612300809,0,1,68,2018/05/08 08:20:23,2018/05/08 08:22:01,01612300809,about your prescribing - 1,fax@openprescribing.net,0.08
832079847,00441328730104,0,1,59,2018/05/08 08:20:22,2018/05/08 08:21:41,,about your prescribing - 1,fax@openprescribing.net,0.07
832079845,00442072661017,0,1,47,2018/05/08 08:20:21,2018/05/08 08:25:31,02072661017,about your prescribing - 1,fax@openprescribing.net,0.07
832079844,00442087318257,0,1,51,2018/05/08 08:20:20,2018/05/08 08:21:30,02087318257,about your prescribing - 1,fax@openprescribing.net,0.07
832079842,00441268686161,0,1,65,2018/05/08 08:20:19,2018/05/08 08:21:44,Dr Chaudhury Surgery,about your prescribing - 1,fax@openprescribing.net,0.08
832079835,00441454329799,0,1,65,2018/05/08 08:20:18,2018/05/08 08:25:54,,about your prescribing - 1,fax@openprescribing.net,0.08
832079838,00442082088409,0,1,99,2018/05/08 08:20:18,2018/05/08 08:22:19,,about your prescribing - 1,fax@openprescribing.net,0.12
832078651,00442077222390,0,1,46,2018/05/08 08:14:47,2018/05/08 08:20:15,,about your prescribing - 1,fax@openprescribing.net,0.07
831853113,00441769579312,0,1,44,2018/05/07 17:38:46,2018/05/07 17:43:39,,about your prescribing - 1,fax@openprescribing.net,0.07
